time,sea_surface_temperature,sea_surface_temperature_anomaly
1989-01-16 00:00:00+00:00,18.224999999999998,-0.18500000000000003
1989-02-16 00:00:00+00:00,18.158333333333335,0.5066666666666667
1989-03-16 00:00:00+00:00,16.911666666666665,-0.24
1989-04-15 23:00:00+00:00,19.048333333333332,-0.028333333333333335
1989-05-15 23:00:00+00:00,22.583333333333332,-0.15166666666666667
1989-06-15 23:00:00+00:00,26.166666666666668,0.19000000000000003
1989-07-15 23:00:00+00:00,27.605,-0.18999999999999997
1989-08-15 23:00:00+00:00,27.80666666666667,-0.35000000000000003
1989-09-15 23:00:00+00:00,27.418333333333333,0.32833333333333337
1989-10-15 23:00:00+00:00,24.051666666666666,0.005
1989-11-16 00:00:00+00:00,20.698333333333334,-0.36999999999999994
1989-12-16 00:00:00+00:00,17.658333333333335,-1.3733333333333333
1990-01-16 00:00:00+00:00,17.093333333333334,-1.3166666666666667
1990-02-16 00:00:00+00:00,17.13,-0.5166666666666667
1990-03-16 00:00:00+00:00,18.158333333333335,1.0016666666666667
1990-04-15 23:00:00+00:00,19.82,0.7366666666666667
1990-05-15 23:00:00+00:00,23.666666666666668,0.9249999999999999
1990-06-15 23:00:00+00:00,26.638333333333335,0.6633333333333333
1990-07-15 23:00:00+00:00,28.131666666666664,0.33666666666666667
1990-08-15 23:00:00+00:00,28.956666666666667,0.7933333333333333
1990-09-15 23:00:00+00:00,28.753333333333334,1.6616666666666664
1990-10-15 23:00:00+00:00,25.625,1.5766666666666669
1990-11-16 00:00:00+00:00,21.16,0.085
1990-12-16 00:00:00+00:00,19.473333333333333,0.43333333333333335
1991-01-16 00:00:00+00:00,19.148333333333333,0.735
1991-02-16 00:00:00+00:00,18.01,0.36166666666666664
1991-03-16 00:00:00+00:00,17.088333333333335,-0.06666666666666667
1991-04-15 23:00:00+00:00,20.080000000000002,0.9983333333333334
1991-05-15 23:00:00+00:00,24.77,2.0316666666666667
1991-06-15 23:00:00+00:00,26.30333333333333,0.3233333333333333
1991-07-15 23:00:00+00:00,28.36,0.5566666666666666
1991-08-15 23:00:00+00:00,28.150000000000002,-0.006666666666666667
1991-09-15 23:00:00+00:00,27.53333333333333,0.44
1991-10-15 23:00:00+00:00,23.511666666666667,-0.5316666666666666
1991-11-16 00:00:00+00:00,20.603333333333335,-0.46166666666666667
1991-12-16 00:00:00+00:00,19.19333333333333,0.16
1992-01-16 00:00:00+00:00,17.458333333333332,-0.945
1992-02-16 00:00:00+00:00,15.915000000000001,-1.7216666666666667
1992-03-16 00:00:00+00:00,16.745,-0.40166666666666667
1992-04-15 23:00:00+00:00,18.848333333333333,-0.22666666666666666
1992-05-15 23:00:00+00:00,21.196666666666665,-1.5383333333333333
1992-06-15 23:00:00+00:00,25.756666666666664,-0.215
1992-07-15 23:00:00+00:00,28.14,0.3466666666666667
1992-08-15 23:00:00+00:00,28.328333333333333,0.17
1992-09-15 23:00:00+00:00,27.381666666666664,0.29
1992-10-15 23:00:00+00:00,22.77333333333333,-1.2716666666666667
1992-11-16 00:00:00+00:00,20.483333333333334,-0.5833333333333334
1992-12-16 00:00:00+00:00,17.778333333333332,-1.2550000000000001
1993-01-16 00:00:00+00:00,18.575,0.16166666666666665
1993-02-16 00:00:00+00:00,16.398333333333333,-1.2449999999999999
1993-03-16 00:00:00+00:00,16.115,-1.04
1993-04-15 23:00:00+00:00,17.07166666666667,-2.0066666666666664
1993-05-15 23:00:00+00:00,22.11,-0.6216666666666667
1993-06-15 23:00:00+00:00,26.26,0.27999999999999997
1993-07-15 23:00:00+00:00,28.061666666666667,0.26
1993-08-15 23:00:00+00:00,28.426666666666666,0.26999999999999996
1993-09-15 23:00:00+00:00,28.3,1.2
1993-10-15 23:00:00+00:00,24.76,0.7083333333333334
1993-11-16 00:00:00+00:00,20.275000000000002,-0.7933333333333333
1993-12-16 00:00:00+00:00,17.231666666666666,-1.8033333333333335
1994-01-16 00:00:00+00:00,17.103333333333335,-1.3099999999999998
1994-02-16 00:00:00+00:00,18.143333333333334,0.49833333333333335
1994-03-16 00:00:00+00:00,16.433333333333334,-0.7200000000000001
1994-04-15 23:00:00+00:00,20.268333333333334,1.1883333333333332
1994-05-15 23:00:00+00:00,23.21166666666667,0.47333333333333333
1994-06-15 23:00:00+00:00,25.959999999999997,-0.015
1994-07-15 23:00:00+00:00,27.123333333333335,-0.6683333333333333
1994-08-15 23:00:00+00:00,27.041666666666668,-1.1116666666666666
1994-09-15 23:00:00+00:00,26.52333333333333,-0.5633333333333334
1994-10-15 23:00:00+00:00,23.33,-0.715
1994-11-16 00:00:00+00:00,20.793333333333333,-0.2733333333333333
1994-12-16 00:00:00+00:00,19.31,0.27499999999999997
1995-01-16 00:00:00+00:00,18.688333333333333,0.2783333333333333
1995-02-16 00:00:00+00:00,14.626666666666667,-3.0216666666666665
1995-03-16 00:00:00+00:00,15.388333333333334,-1.765
1995-04-15 23:00:00+00:00,19.536666666666665,0.4533333333333333
1995-05-15 23:00:00+00:00,23.328333333333333,0.59
1995-06-15 23:00:00+00:00,26.346666666666668,0.36833333333333335
1995-07-15 23:00:00+00:00,28.62,0.8266666666666667
1995-08-15 23:00:00+00:00,28.613333333333333,0.45333333333333337
1995-09-15 23:00:00+00:00,26.89,-0.19666666666666666
1995-10-15 23:00:00+00:00,24.55666666666667,0.505
1995-11-16 00:00:00+00:00,19.863333333333333,-1.205
1995-12-16 00:00:00+00:00,17.974999999999998,-1.0566666666666666
1996-01-16 00:00:00+00:00,18.243333333333336,-0.16666666666666666
1996-02-16 00:00:00+00:00,17.448333333333334,-0.18666666666666668
1996-03-16 00:00:00+00:00,15.555,-1.5933333333333335
1996-04-15 23:00:00+00:00,17.12666666666667,-1.95
1996-05-15 23:00:00+00:00,23.366666666666664,0.6266666666666666
1996-06-15 23:00:00+00:00,26.400000000000002,0.42166666666666663
1996-07-15 23:00:00+00:00,27.61,-0.18500000000000003
1996-08-15 23:00:00+00:00,27.911666666666665,-0.24166666666666667
1996-09-15 23:00:00+00:00,27.531666666666666,0.4366666666666667
1996-10-15 23:00:00+00:00,23.605,-0.44166666666666665
1996-11-16 00:00:00+00:00,19.648333333333333,-1.4216666666666666
1996-12-16 00:00:00+00:00,17.93166666666667,-1.0966666666666667
1997-01-16 00:00:00+00:00,19.32,0.9066666666666667
1997-02-16 00:00:00+00:00,18.81833333333333,1.1633333333333333
1997-03-16 00:00:00+00:00,17.891666666666666,0.7333333333333334
1997-04-15 23:00:00+00:00,18.915000000000003,-0.16
1997-05-15 23:00:00+00:00,22.343333333333334,-0.38833333333333336
1997-06-15 23:00:00+00:00,24.583333333333332,-1.3916666666666666
1997-07-15 23:00:00+00:00,27.866666666666664,0.07333333333333333
1997-08-15 23:00:00+00:00,28.456666666666667,0.29833333333333334
1997-09-15 23:00:00+00:00,27.628333333333334,0.5366666666666667
1997-10-15 23:00:00+00:00,24.959999999999997,0.9116666666666667
1997-11-16 00:00:00+00:00,19.613333333333333,-1.4566666666666668
1997-12-16 00:00:00+00:00,16.43166666666667,-2.6
1998-01-16 00:00:00+00:00,14.325000000000001,-4.083333333333333
1998-02-16 00:00:00+00:00,13.083333333333334,-4.5616666666666665
1998-03-16 00:00:00+00:00,14.516666666666666,-2.6350000000000002
1998-04-15 23:00:00+00:00,18.823333333333334,-0.25166666666666665
1998-05-15 23:00:00+00:00,23.326666666666668,0.5883333333333333
1998-06-15 23:00:00+00:00,27.180000000000003,1.1983333333333333
1998-07-15 23:00:00+00:00,28.213333333333335,0.4166666666666667
1998-08-15 23:00:00+00:00,28.011666666666667,-0.14333333333333334
1998-09-15 23:00:00+00:00,27.575,0.47833333333333333
1998-10-15 23:00:00+00:00,25.40833333333333,1.3633333333333333
1998-11-16 00:00:00+00:00,21.718333333333334,0.645
1998-12-16 00:00:00+00:00,19.65,0.6183333333333333
1999-01-16 00:00:00+00:00,18.34166666666667,-0.06833333333333334
1999-02-16 00:00:00+00:00,17.94666666666667,0.3
1999-03-16 00:00:00+00:00,16.10333333333333,-1.0450000000000002
1999-04-15 23:00:00+00:00,19.853333333333335,0.7733333333333333
1999-05-15 23:00:00+00:00,21.83666666666667,-0.9
1999-06-15 23:00:00+00:00,25.536666666666665,-0.4383333333333333
1999-07-15 23:00:00+00:00,28.058333333333334,0.25833333333333336
1999-08-15 23:00:00+00:00,29.426666666666666,1.2683333333333333
1999-09-15 23:00:00+00:00,26.88,-0.20833333333333334
1999-10-15 23:00:00+00:00,23.731666666666666,-0.3133333333333333
1999-11-16 00:00:00+00:00,20.421666666666667,-0.6466666666666666
1999-12-16 00:00:00+00:00,17.158333333333335,-1.8716666666666668
2000-01-16 00:00:00+00:00,15.854999999999999,-2.5566666666666666
2000-02-16 00:00:00+00:00,13.148333333333333,-4.4816666666666665
2000-03-16 00:00:00+00:00,16.441666666666666,-0.7083333333333334
2000-04-15 23:00:00+00:00,18.825,-0.25333333333333335
2000-05-15 23:00:00+00:00,23.505,0.7666666666666666
2000-06-15 23:00:00+00:00,26.761666666666667,0.785
2000-07-15 23:00:00+00:00,27.959999999999997,0.16166666666666668
2000-08-15 23:00:00+00:00,28.145,-0.006666666666666667
2000-09-15 23:00:00+00:00,27.018333333333334,-0.06666666666666667
2000-10-15 23:00:00+00:00,23.233333333333334,-0.8116666666666666
2000-11-16 00:00:00+00:00,20.25166666666667,-0.82
2000-12-16 00:00:00+00:00,15.410000000000002,-3.6133333333333333
2001-01-16 00:00:00+00:00,14.338333333333333,-4.075
2001-02-16 00:00:00+00:00,12.723333333333334,-4.92
2001-03-16 00:00:00+00:00,14.975,-2.1750000000000003
2001-04-15 23:00:00+00:00,18.27,-0.8016666666666667
2001-05-15 23:00:00+00:00,22.381666666666664,-0.3566666666666667
2001-06-15 23:00:00+00:00,26.651666666666667,0.6749999999999999
2001-07-15 23:00:00+00:00,28.501666666666665,0.7083333333333334
2001-08-15 23:00:00+00:00,28.66,0.505
2001-09-15 23:00:00+00:00,27.138333333333332,0.04666666666666667
2001-10-15 23:00:00+00:00,23.096666666666664,-0.9516666666666667
2001-11-16 00:00:00+00:00,19.703333333333333,-1.365
2001-12-16 00:00:00+00:00,19.175,0.14333333333333334
2002-01-16 00:00:00+00:00,15.446666666666665,-2.966666666666667
2002-02-16 00:00:00+00:00,14.586666666666666,-3.0566666666666666
2002-03-16 00:00:00+00:00,15.88,-1.27
2002-04-15 23:00:00+00:00,20.401666666666667,1.3216666666666665
2002-05-15 23:00:00+00:00,23.776666666666667,1.035
2002-06-15 23:00:00+00:00,26.188333333333333,0.20666666666666667
2002-07-15 23:00:00+00:00,28.248333333333335,0.455
2002-08-15 23:00:00+00:00,28.13,-0.023333333333333334
2002-09-15 23:00:00+00:00,27.926666666666666,0.8333333333333334
2002-10-15 23:00:00+00:00,26.138333333333332,2.0883333333333334
2002-11-16 00:00:00+00:00,21.478333333333335,0.40666666666666673
2002-12-16 00:00:00+00:00,16.455000000000002,-2.5733333333333333
2003-01-16 00:00:00+00:00,13.805,-4.601666666666667
2003-02-16 00:00:00+00:00,12.976666666666667,-4.670000000000001
2003-03-16 00:00:00+00:00,15.293333333333331,-1.86
2003-04-15 23:00:00+00:00,18.896666666666665,-0.17666666666666667
2003-05-15 23:00:00+00:00,23.838333333333335,1.0933333333333333
2003-06-15 23:00:00+00:00,26.656666666666666,0.6816666666666666
2003-07-15 23:00:00+00:00,26.31833333333333,-1.4733333333333334
2003-08-15 23:00:00+00:00,26.82166666666667,-1.335
2003-09-15 23:00:00+00:00,26.098333333333333,-0.9899999999999999
2003-10-15 23:00:00+00:00,23.80666666666667,-0.235
2003-11-16 00:00:00+00:00,21.798333333333332,0.725
2003-12-16 00:00:00+00:00,16.705,-2.3249999999999997
2004-01-16 00:00:00+00:00,14.815,-3.596666666666667
2004-02-16 00:00:00+00:00,13.469999999999999,-4.16
2004-03-16 00:00:00+00:00,15.353333333333333,-1.795
2004-04-15 23:00:00+00:00,18.543333333333333,-0.5333333333333333
2004-05-15 23:00:00+00:00,23.5,0.7633333333333333
2004-06-15 23:00:00+00:00,26.436666666666667,0.45999999999999996
2004-07-15 23:00:00+00:00,26.951666666666668,-0.84
2004-08-15 23:00:00+00:00,27.790000000000003,-0.36333333333333334
2004-09-15 23:00:00+00:00,26.885,-0.205
2004-10-15 23:00:00+00:00,24.705000000000002,0.6566666666666666
2004-11-16 00:00:00+00:00,21.746666666666666,0.6749999999999999
2004-12-16 00:00:00+00:00,17.47,-1.5633333333333335
2005-01-16 00:00:00+00:00,15.415,-2.9966666666666666
2005-02-16 00:00:00+00:00,13.835,-3.811666666666666
2005-03-16 00:00:00+00:00,14.51,-2.643333333333333
2005-04-15 23:00:00+00:00,17.758333333333333,-1.32
2005-05-15 23:00:00+00:00,21.87,-0.8633333333333333
2005-06-15 23:00:00+00:00,25.986666666666665,0.01
2005-07-15 23:00:00+00:00,28.848333333333333,1.0433333333333332
2005-08-15 23:00:00+00:00,29.73,1.5766666666666669
2005-09-15 23:00:00+00:00,27.91333333333333,0.8233333333333333
2005-10-15 23:00:00+00:00,25.53333333333333,1.4833333333333334
2005-11-16 00:00:00+00:00,20.745,-0.32166666666666666
2005-12-16 00:00:00+00:00,16.651666666666667,-2.3816666666666664
2006-01-16 00:00:00+00:00,15.213333333333333,-3.1933333333333334
2006-02-16 00:00:00+00:00,13.92,-3.723333333333333
2006-03-16 00:00:00+00:00,15.273333333333333,-1.88
2006-04-15 23:00:00+00:00,19.12333333333333,0.045000000000000005
2006-05-15 23:00:00+00:00,22.83666666666667,0.09666666666666666
2006-06-15 23:00:00+00:00,26.64833333333333,0.6699999999999999
2006-07-15 23:00:00+00:00,28.741666666666664,0.945
2006-08-15 23:00:00+00:00,28.939999999999998,0.7799999999999999
2006-09-15 23:00:00+00:00,28.02,0.9266666666666667
2006-10-15 23:00:00+00:00,24.865,0.82
2006-11-16 00:00:00+00:00,19.511666666666667,-1.555
2006-12-16 00:00:00+00:00,17.355,-1.6733333333333331
2007-01-16 00:00:00+00:00,17.093333333333334,-1.3166666666666667
2007-02-16 00:00:00+00:00,14.92,-2.7266666666666666
2007-03-15 23:00:00+00:00,16.271666666666665,-0.8816666666666667
2007-04-15 23:00:00+00:00,19.215,0.13166666666666668
2007-05-15 23:00:00+00:00,22.41,-0.32666666666666666
2007-06-15 23:00:00+00:00,25.845,-0.12833333333333333
2007-07-15 23:00:00+00:00,28.166666666666668,0.36999999999999994
2007-08-15 23:00:00+00:00,29.256666666666664,1.1016666666666668
2007-09-15 23:00:00+00:00,28.036666666666665,0.945
2007-10-15 23:00:00+00:00,25.515,1.4666666666666668
2007-11-16 00:00:00+00:00,20.495,-0.5733333333333334
2007-12-16 00:00:00+00:00,18.241666666666667,-0.7866666666666666
2008-01-16 00:00:00+00:00,15.801666666666668,-2.6083333333333334
2008-02-16 00:00:00+00:00,15.286666666666667,-2.341666666666667
2008-03-15 23:00:00+00:00,16.811666666666667,-0.34
2008-04-15 23:00:00+00:00,19.224999999999998,0.14333333333333334
2008-05-15 23:00:00+00:00,22.71666666666667,-0.02
2008-06-15 23:00:00+00:00,27.03,1.0516666666666667
2008-07-15 23:00:00+00:00,27.506666666666664,-0.2833333333333333
2008-08-15 23:00:00+00:00,26.376666666666665,-1.7766666666666666
2008-09-15 23:00:00+00:00,27.348333333333333,0.25333333333333335
2008-10-15 23:00:00+00:00,23.80333333333333,-0.23666666666666666
2008-11-16 00:00:00+00:00,18.601666666666667,-2.466666666666667
2008-12-16 00:00:00+00:00,16.013333333333332,-3.018333333333333
2009-01-16 00:00:00+00:00,14.843333333333334,-3.5683333333333334
2009-02-16 00:00:00+00:00,13.88,-3.766666666666667
2009-03-15 23:00:00+00:00,15.275,-1.8783333333333332
2009-04-15 23:00:00+00:00,18.496666666666666,-0.5750000000000001
2009-05-15 23:00:00+00:00,23.323333333333334,0.5816666666666667
2009-06-15 23:00:00+00:00,27.291666666666668,1.3133333333333332
2009-07-15 23:00:00+00:00,27.596666666666664,-0.19999999999999998
2009-08-15 23:00:00+00:00,27.685000000000002,-0.465
2009-09-15 23:00:00+00:00,27.310000000000002,0.21833333333333335
2009-10-15 23:00:00+00:00,25.296666666666667,1.2516666666666667
2009-11-16 00:00:00+00:00,21.24,0.16833333333333333
2009-12-16 00:00:00+00:00,18.385,-0.645
2010-01-16 00:00:00+00:00,17.06,-1.3516666666666666
2010-02-16 00:00:00+00:00,16.136666666666667,-1.5083333333333335
2010-03-15 23:00:00+00:00,13.921666666666667,-3.235
2010-04-15 23:00:00+00:00,18.743333333333332,-0.33166666666666667
2010-05-15 23:00:00+00:00,23.548333333333332,0.8066666666666666
2010-06-15 23:00:00+00:00,27.633333333333336,1.655
2010-07-15 23:00:00+00:00,28.018333333333334,0.22166666666666668
2010-08-15 23:00:00+00:00,29.208333333333332,1.0516666666666667
2010-09-15 23:00:00+00:00,28.481666666666666,1.3916666666666666
2010-10-15 23:00:00+00:00,25.151666666666667,1.1016666666666668
2010-11-16 00:00:00+00:00,20.961666666666666,-0.10999999999999999
2010-12-16 00:00:00+00:00,17.183333333333334,-1.8433333333333335
2011-01-16 00:00:00+00:00,17.153333333333332,-1.2566666666666666
2011-02-16 00:00:00+00:00,15.725,-1.92
2011-03-15 23:00:00+00:00,16.388333333333332,-0.765
2011-04-15 23:00:00+00:00,20.268333333333334,1.1883333333333332
2011-05-15 23:00:00+00:00,23.756666666666664,1.02
2011-06-15 23:00:00+00:00,27.15833333333333,1.1783333333333335
2011-07-15 23:00:00+00:00,27.75333333333333,-0.03833333333333333
2011-08-15 23:00:00+00:00,28.290000000000003,0.13
2011-09-15 23:00:00+00:00,28.095,1.0050000000000001
2011-10-15 23:00:00+00:00,24.423333333333332,0.375
2011-11-16 00:00:00+00:00,19.708333333333332,-1.36
2011-12-16 00:00:00+00:00,17.776666666666667,-1.2533333333333332
2012-01-16 00:00:00+00:00,16.005,-2.405
2012-02-16 00:00:00+00:00,15.753333333333332,-1.885
2012-03-15 23:00:00+00:00,17.933333333333334,0.7833333333333333
2012-04-15 23:00:00+00:00,20.985,1.9000000000000001
2012-05-15 23:00:00+00:00,24.135,1.3966666666666665
2012-06-15 23:00:00+00:00,25.993333333333336,0.016666666666666666
2012-07-15 23:00:00+00:00,28.236666666666668,0.44
2012-08-15 23:00:00+00:00,27.53833333333333,-0.615
2012-09-15 23:00:00+00:00,27.285,0.19166666666666665
2012-10-15 23:00:00+00:00,25.235,1.1783333333333332
2012-11-16 00:00:00+00:00,18.668333333333333,-2.3983333333333334
2012-12-16 00:00:00+00:00,17.073333333333334,-1.955
2013-01-16 00:00:00+00:00,16.185,-2.2266666666666666
2013-02-16 00:00:00+00:00,15.421666666666667,-2.223333333333333
2013-03-15 23:00:00+00:00,14.731666666666667,-2.42
2013-04-15 23:00:00+00:00,18.046666666666667,-1.0266666666666666
2013-05-15 23:00:00+00:00,22.198333333333334,-0.5383333333333333
2013-06-15 23:00:00+00:00,26.71666666666667,0.7366666666666667
2013-07-15 23:00:00+00:00,27.606666666666666,-0.19000000000000003
2013-08-15 23:00:00+00:00,28.368333333333336,0.215
2013-09-15 23:00:00+00:00,27.998333333333335,0.9033333333333333
2013-10-15 23:00:00+00:00,24.650000000000002,0.6033333333333334
2013-11-16 00:00:00+00:00,19.933333333333334,-1.135
2013-12-16 00:00:00+00:00,16.941666666666666,-2.085
2014-01-16 00:00:00+00:00,14.878333333333332,-3.533333333333333
2014-02-16 00:00:00+00:00,13.043333333333335,-4.598333333333334
2014-03-15 23:00:00+00:00,14.648333333333333,-2.5066666666666664
2014-04-15 23:00:00+00:00,18.786666666666665,-0.29333333333333333
2014-05-15 23:00:00+00:00,22.936666666666667,0.19666666666666668
2014-06-15 23:00:00+00:00,26.735,0.7533333333333333
2014-07-15 23:00:00+00:00,28.85166666666667,1.05
2014-08-15 23:00:00+00:00,29.338333333333335,1.1716666666666666
2014-09-15 23:00:00+00:00,28.383333333333336,1.2950000000000002
2014-10-15 23:00:00+00:00,25.063333333333333,1.015
2014-11-16 00:00:00+00:00,19.705000000000002,-1.3616666666666666
2014-12-16 00:00:00+00:00,16.669999999999998,-2.356666666666667
2015-01-16 00:00:00+00:00,14.773333333333333,-3.64
2015-02-16 00:00:00+00:00,13.265,-4.383333333333334
2015-03-15 23:00:00+00:00,14.950000000000001,-2.2016666666666667
2015-04-15 23:00:00+00:00,19.62333333333333,0.5416666666666666
2015-05-15 23:00:00+00:00,23.525000000000002,0.785
2015-06-15 23:00:00+00:00,27.27333333333333,1.2966666666666666
2015-07-15 23:00:00+00:00,27.175,-0.6166666666666667
2015-08-15 23:00:00+00:00,28.709999999999997,0.5533333333333333
2015-09-15 23:00:00+00:00,27.69333333333333,0.6033333333333334
2015-10-15 23:00:00+00:00,24.223333333333333,0.17500000000000002
2015-11-16 00:00:00+00:00,21.82166666666667,0.7516666666666666
2015-12-16 00:00:00+00:00,18.823333333333334,-0.20333333333333334
2016-01-16 00:00:00+00:00,16.31833333333333,-2.0883333333333334
2016-02-16 00:00:00+00:00,13.863333333333335,-3.7733333333333334
2016-03-15 23:00:00+00:00,17.09,-0.05666666666666667
2016-04-15 23:00:00+00:00,19.963333333333335,0.8816666666666667
2016-05-15 23:00:00+00:00,23.709999999999997,0.9700000000000001
2016-06-15 23:00:00+00:00,27.31833333333333,1.3399999999999999
2016-07-15 23:00:00+00:00,29.76,1.9633333333333332
2016-08-15 23:00:00+00:00,29.488333333333333,1.33
2016-09-15 23:00:00+00:00,28.188333333333333,1.095
2016-10-15 23:00:00+00:00,24.885,0.84
2016-11-16 00:00:00+00:00,20.865,-0.20333333333333334
2016-12-16 00:00:00+00:00,17.468333333333334,-1.5633333333333335
2017-01-16 00:00:00+00:00,15.861666666666666,-2.5500000000000003
2017-02-16 00:00:00+00:00,16.275000000000002,-1.3716666666666668
2017-03-15 23:00:00+00:00,17.03333333333333,-0.12166666666666666
2017-04-15 23:00:00+00:00,20.76666666666667,1.6833333333333333
2017-05-15 23:00:00+00:00,24.314999999999998,1.5766666666666669
2017-06-15 23:00:00+00:00,26.83666666666667,0.8566666666666666
2017-07-15 23:00:00+00:00,27.72666666666667,-0.06666666666666667
2017-08-15 23:00:00+00:00,28.5,0.3433333333333333
2017-09-15 23:00:00+00:00,27.33666666666667,0.24
2017-10-15 23:00:00+00:00,25.46166666666667,1.4166666666666667
2017-11-16 00:00:00+00:00,20.811666666666667,-0.255
2017-12-16 00:00:00+00:00,16.578333333333333,-2.45
2018-01-16 00:00:00+00:00,12.256666666666666,-6.153333333333333
2018-02-16 00:00:00+00:00,14.25,-3.3966666666666665
2018-03-15 23:00:00+00:00,16.25166666666667,-0.8983333333333334
2018-04-15 23:00:00+00:00,18.011666666666667,-1.0616666666666668
2018-05-15 23:00:00+00:00,23.13,0.3933333333333333
2018-06-15 23:00:00+00:00,27.385,1.4083333333333332
2018-07-15 23:00:00+00:00,28.939999999999998,1.145
2018-08-15 23:00:00+00:00,28.093333333333334,-0.06
2018-09-15 23:00:00+00:00,28.798333333333332,1.705
2018-10-15 23:00:00+00:00,26.891666666666666,2.845
2018-11-16 00:00:00+00:00,21.106666666666666,0.04
2018-12-16 00:00:00+00:00,15.898333333333333,-3.1316666666666664
2019-01-16 00:00:00+00:00,14.68,-3.7266666666666666
2019-02-16 00:00:00+00:00,14.483333333333334,-3.1633333333333336
2019-03-15 23:00:00+00:00,16.885,-0.26333333333333336
2019-04-15 23:00:00+00:00,19.56,0.4766666666666666
2019-05-15 23:00:00+00:00,24.69666666666667,1.9566666666666668
2019-06-15 23:00:00+00:00,27.81833333333333,1.84
2019-07-15 23:00:00+00:00,28.776666666666667,0.9833333333333334
2019-08-15 23:00:00+00:00,28.531666666666666,0.37333333333333335
2019-09-15 23:00:00+00:00,27.965,0.8683333333333333
2019-10-15 23:00:00+00:00,26.02,1.9666666666666668
2019-11-16 00:00:00+00:00,20.776666666666667,-0.2916666666666667
2019-12-16 00:00:00+00:00,16.55666666666667,-2.4716666666666667
2020-01-16 00:00:00+00:00,15.346666666666666,-3.0666666666666664
2020-02-16 00:00:00+00:00,14.503333333333332,-3.1333333333333333
2020-03-15 23:00:00+00:00,17.156666666666666,0.006666666666666668
2020-04-15 23:00:00+00:00,20.616666666666667,1.54
2020-05-15 23:00:00+00:00,23.383333333333336,0.6416666666666667
2020-06-15 23:00:00+00:00,26.560000000000002,0.58
2020-07-15 23:00:00+00:00,29.018333333333334,1.2216666666666667
2020-08-15 23:00:00+00:00,29.268333333333334,1.1116666666666666
2020-09-15 23:00:00+00:00,28.266666666666666,1.1683333333333332
2020-10-15 23:00:00+00:00,25.155,1.105
2020-11-16 00:00:00+00:00,22.293333333333333,1.22
2020-12-16 00:00:00+00:00,16.815,-2.2133333333333334
2021-01-16 00:00:00+00:00,13.950000000000001,-4.453333333333334
2021-02-16 00:00:00+00:00,13.225,-4.42
2021-03-15 23:00:00+00:00,15.601666666666667,-1.5516666666666667
2021-04-15 23:00:00+00:00,18.976666666666667,-0.09999999999999999
2021-05-15 23:00:00+00:00,22.891666666666666,0.14833333333333334
2021-06-15 23:00:00+00:00,26.095,0.11833333333333333
2021-07-15 23:00:00+00:00,27.843333333333334,0.04833333333333333
2021-08-15 23:00:00+00:00,28.981666666666666,0.8250000000000001
2021-09-16 00:00:00+00:00,27.925,0.835
2021-10-16 00:00:00+00:00,25.97,1.9249999999999998
2021-11-16 00:00:00+00:00,19.855,-1.2166666666666666
2021-12-16 00:00:00+00:00,17.513333333333332,-1.5183333333333333
2022-01-16 00:00:00+00:00,15.615,-2.796666666666667
2022-02-16 00:00:00+00:00,13.653333333333334,-3.9933333333333336
2022-03-16 00:00:00+00:00,16.793333333333333,-0.36166666666666664
2022-04-16 00:00:00+00:00,20.371666666666666,1.2933333333333332
2022-05-16 00:00:00+00:00,23.97666666666667,1.24
2022-06-16 00:00:00+00:00,27.666666666666668,1.6916666666666667
2022-07-16 00:00:00+00:00,29.236666666666668,1.4416666666666667
2022-08-16 00:00:00+00:00,28.87,0.7183333333333333
2022-09-16 00:00:00+00:00,28.395,1.3066666666666666
2022-10-16 00:00:00+00:00,23.47666666666667,-0.5666666666666667
2022-11-16 00:00:00+00:00,20.986666666666668,-0.085
2022-12-16 00:00:00+00:00,17.37333333333333,-1.6616666666666668
2023-01-16 00:00:00+00:00,14.118333333333334,-4.291666666666667
2023-02-16 00:00:00+00:00,15.216666666666667,-2.4316666666666666
2023-03-16 00:00:00+00:00,18.388333333333332,1.2366666666666666
2023-04-16 00:00:00+00:00,20.49,1.4100000000000001
2023-05-16 00:00:00+00:00,22.885,0.14833333333333334
2023-06-16 00:00:00+00:00,24.95,-1.0233333333333334
2023-07-16 00:00:00+00:00,28.820000000000004,1.0250000000000001
2023-08-16 00:00:00+00:00,29.628333333333334,1.4733333333333334
2023-09-16 00:00:00+00:00,28.14833333333333,1.06
2023-10-16 00:00:00+00:00,23.900000000000002,-0.14333333333333334
2023-11-16 00:00:00+00:00,20.388333333333332,-0.6816666666666666
2023-12-16 00:00:00+00:00,16.78,-2.255
2024-01-16 00:00:00+00:00,13.566666666666668,-4.843333333333334
2024-02-16 00:00:00+00:00,13.575000000000001,-4.0616666666666665
2024-03-16 00:00:00+00:00,16.371666666666666,-0.7783333333333333
2024-04-16 00:00:00+00:00,19.86,0.7799999999999999
2024-05-16 00:00:00+00:00,24.561666666666667,1.8233333333333333
2024-06-16 00:00:00+00:00,27.495,1.5183333333333333
2024-07-16 00:00:00+00:00,29.311666666666667,1.5133333333333334
2024-08-16 00:00:00+00:00,28.621666666666666,0.4683333333333333
2024-09-16 00:00:00+00:00,27.15833333333333,0.06666666666666667
2024-10-16 00:00:00+00:00,24.34,0.295
2024-11-16 00:00:00+00:00,21.856666666666666,0.785
2024-12-16 00:00:00+00:00,16.593333333333334,-2.441666666666667
2025-01-16 00:00:00+00:00,12.436666666666667,-5.976666666666667
2025-02-16 00:00:00+00:00,13.104999999999999,-4.541666666666667
2025-03-16 00:00:00+00:00,15.275,-1.88
2025-04-16 00:00:00+00:00,20.543333333333333,1.4666666666666668
2025-05-16 00:00:00+00:00,24.666666666666668,1.93
2025-06-16 00:00:00+00:00,27.298333333333332,1.3216666666666665
2025-07-16 00:00:00+00:00,28.314999999999998,0.5216666666666666
2025-08-16 00:00:00+00:00,29.31833333333333,1.1633333333333333
2025-09-16 00:00:00+00:00,27.093333333333334,0.005
2025-10-16 00:00:00+00:00,23.983333333333334,-0.06666666666666667
2025-11-16 00:00:00+00:00,19.47,-1.5999999999999999
2025-12-16 00:00:00+00:00,16.483333333333334,-2.5466666666666664
