time,latitude,longitude,sea_surface_temperature,sea_surface_temperature_anomaly
2003-01-16 00:00:00+00:00,31.425001,-80.924995,13.78,-4.64
2003-01-16 00:00:00+00:00,31.425001,-80.875,13.77,-4.61
2003-01-16 00:00:00+00:00,31.425001,-80.825,13.84,-4.52
2003-01-16 00:00:00+00:00,31.374998,-80.924995,13.76,-4.69
2003-01-16 00:00:00+00:00,31.374998,-80.875,13.79,-4.63
2003-01-16 00:00:00+00:00,31.374998,-80.825,13.89,-4.52
2003-02-16 00:00:00+00:00,31.425001,-80.924995,12.9,-4.66
2003-02-16 00:00:00+00:00,31.425001,-80.875,12.91,-4.67
2003-02-16 00:00:00+00:00,31.425001,-80.825,12.99,-4.66
2003-02-16 00:00:00+00:00,31.374998,-80.924995,12.96,-4.69
2003-02-16 00:00:00+00:00,31.374998,-80.875,13.0,-4.69
2003-02-16 00:00:00+00:00,31.374998,-80.825,13.1,-4.65
2003-03-16 00:00:00+00:00,31.374998,-80.825,15.36,-1.9
2003-03-16 00:00:00+00:00,31.374998,-80.875,15.29,-1.89
2003-03-16 00:00:00+00:00,31.374998,-80.924995,15.28,-1.84
2003-03-16 00:00:00+00:00,31.425001,-80.875,15.26,-1.86
2003-03-16 00:00:00+00:00,31.425001,-80.924995,15.26,-1.79
2003-03-16 00:00:00+00:00,31.425001,-80.825,15.31,-1.88
2003-04-15 23:00:00+00:00,31.425001,-80.924995,19.0,-0.04
2003-04-15 23:00:00+00:00,31.425001,-80.875,18.88,-0.17
2003-04-15 23:00:00+00:00,31.425001,-80.825,18.8,-0.26
2003-04-15 23:00:00+00:00,31.374998,-80.924995,19.0,-0.09
2003-04-15 23:00:00+00:00,31.374998,-80.875,18.89,-0.21
2003-04-15 23:00:00+00:00,31.374998,-80.825,18.81,-0.29
2003-05-15 23:00:00+00:00,31.374998,-80.875,23.88,1.14
2003-05-15 23:00:00+00:00,31.374998,-80.825,23.93,1.22
2003-05-15 23:00:00+00:00,31.374998,-80.924995,23.84,1.05
2003-05-15 23:00:00+00:00,31.425001,-80.875,23.79,1.04
2003-05-15 23:00:00+00:00,31.425001,-80.924995,23.76,0.98
2003-05-15 23:00:00+00:00,31.425001,-80.825,23.83,1.13
2003-06-15 23:00:00+00:00,31.425001,-80.924995,26.71,0.69
2003-06-15 23:00:00+00:00,31.425001,-80.875,26.67,0.7
2003-06-15 23:00:00+00:00,31.425001,-80.825,26.65,0.72
2003-06-15 23:00:00+00:00,31.374998,-80.924995,26.68,0.66
2003-06-15 23:00:00+00:00,31.374998,-80.875,26.63,0.66
2003-06-15 23:00:00+00:00,31.374998,-80.825,26.6,0.66
2003-07-15 23:00:00+00:00,31.374998,-80.924995,26.31,-1.51
2003-07-15 23:00:00+00:00,31.374998,-80.825,26.26,-1.48
2003-07-15 23:00:00+00:00,31.374998,-80.875,26.27,-1.51
2003-07-15 23:00:00+00:00,31.425001,-80.875,26.35,-1.45
2003-07-15 23:00:00+00:00,31.425001,-80.924995,26.4,-1.45
2003-07-15 23:00:00+00:00,31.425001,-80.825,26.32,-1.44
2003-08-15 23:00:00+00:00,31.374998,-80.875,26.77,-1.38
2003-08-15 23:00:00+00:00,31.425001,-80.924995,26.88,-1.32
2003-08-15 23:00:00+00:00,31.425001,-80.875,26.86,-1.31
2003-08-15 23:00:00+00:00,31.425001,-80.825,26.86,-1.26
2003-08-15 23:00:00+00:00,31.374998,-80.924995,26.78,-1.41
2003-08-15 23:00:00+00:00,31.374998,-80.825,26.78,-1.33
2003-09-15 23:00:00+00:00,31.374998,-80.875,26.1,-1.0
2003-09-15 23:00:00+00:00,31.374998,-80.825,26.12,-1.0
2003-09-15 23:00:00+00:00,31.374998,-80.924995,26.11,-0.97
2003-09-15 23:00:00+00:00,31.425001,-80.875,26.08,-1.0
2003-09-15 23:00:00+00:00,31.425001,-80.825,26.09,-1.01
2003-09-15 23:00:00+00:00,31.425001,-80.924995,26.09,-0.96
2003-10-15 23:00:00+00:00,31.425001,-80.924995,23.65,-0.29
2003-10-15 23:00:00+00:00,31.425001,-80.875,23.77,-0.25
2003-10-15 23:00:00+00:00,31.425001,-80.825,23.88,-0.19
2003-10-15 23:00:00+00:00,31.374998,-80.924995,23.73,-0.28
2003-10-15 23:00:00+00:00,31.374998,-80.875,23.85,-0.22
2003-10-15 23:00:00+00:00,31.374998,-80.825,23.96,-0.18
2003-11-16 00:00:00+00:00,31.374998,-80.825,21.99,0.81
2003-11-16 00:00:00+00:00,31.374998,-80.875,21.84,0.72
2003-11-16 00:00:00+00:00,31.374998,-80.924995,21.67,0.63
2003-11-16 00:00:00+00:00,31.425001,-80.875,21.77,0.74
2003-11-16 00:00:00+00:00,31.425001,-80.924995,21.6,0.63
2003-11-16 00:00:00+00:00,31.425001,-80.825,21.92,0.82
2003-12-16 00:00:00+00:00,31.425001,-80.924995,16.48,-2.48
2003-12-16 00:00:00+00:00,31.425001,-80.875,16.65,-2.33
2003-12-16 00:00:00+00:00,31.425001,-80.825,16.84,-2.21
2003-12-16 00:00:00+00:00,31.374998,-80.924995,16.56,-2.46
2003-12-16 00:00:00+00:00,31.374998,-80.875,16.75,-2.32
2003-12-16 00:00:00+00:00,31.374998,-80.825,16.95,-2.15
2004-01-16 00:00:00+00:00,31.374998,-80.875,14.83,-3.6
2004-01-16 00:00:00+00:00,31.374998,-80.825,14.92,-3.5
2004-01-16 00:00:00+00:00,31.374998,-80.924995,14.79,-3.66
2004-01-16 00:00:00+00:00,31.425001,-80.875,14.76,-3.62
2004-01-16 00:00:00+00:00,31.425001,-80.924995,14.76,-3.66
2004-01-16 00:00:00+00:00,31.425001,-80.825,14.83,-3.54
2004-02-16 00:00:00+00:00,31.425001,-80.924995,13.29,-4.25
2004-02-16 00:00:00+00:00,31.425001,-80.875,13.4,-4.17
2004-02-16 00:00:00+00:00,31.425001,-80.825,13.57,-4.06
2004-02-16 00:00:00+00:00,31.374998,-80.924995,13.37,-4.27
2004-02-16 00:00:00+00:00,31.374998,-80.875,13.5,-4.17
2004-02-16 00:00:00+00:00,31.374998,-80.825,13.69,-4.04
2004-03-16 00:00:00+00:00,31.425001,-80.875,15.32,-1.79
2004-03-16 00:00:00+00:00,31.425001,-80.924995,15.18,-1.87
2004-03-16 00:00:00+00:00,31.425001,-80.825,15.5,-1.69
2004-03-16 00:00:00+00:00,31.374998,-80.924995,15.21,-1.91
2004-03-16 00:00:00+00:00,31.374998,-80.875,15.36,-1.81
2004-03-16 00:00:00+00:00,31.374998,-80.825,15.55,-1.7
2004-04-15 23:00:00+00:00,31.374998,-80.924995,18.58,-0.51
2004-04-15 23:00:00+00:00,31.425001,-80.825,18.5,-0.56
2004-04-15 23:00:00+00:00,31.374998,-80.875,18.54,-0.56
2004-04-15 23:00:00+00:00,31.425001,-80.924995,18.58,-0.47
2004-04-15 23:00:00+00:00,31.425001,-80.875,18.53,-0.52
2004-04-15 23:00:00+00:00,31.374998,-80.825,18.53,-0.58
2004-05-15 23:00:00+00:00,31.374998,-80.875,23.48,0.75
2004-05-15 23:00:00+00:00,31.374998,-80.825,23.37,0.66
2004-05-15 23:00:00+00:00,31.374998,-80.924995,23.62,0.84
2004-05-15 23:00:00+00:00,31.425001,-80.924995,23.65,0.88
2004-05-15 23:00:00+00:00,31.425001,-80.875,23.5,0.77
2004-05-15 23:00:00+00:00,31.425001,-80.825,23.38,0.68
2004-06-15 23:00:00+00:00,31.425001,-80.924995,26.64,0.61
2004-06-15 23:00:00+00:00,31.425001,-80.875,26.48,0.5
2004-06-15 23:00:00+00:00,31.425001,-80.825,26.34,0.41
2004-06-15 23:00:00+00:00,31.374998,-80.924995,26.53,0.51
2004-06-15 23:00:00+00:00,31.374998,-80.875,26.38,0.41
2004-06-15 23:00:00+00:00,31.374998,-80.825,26.25,0.32
2004-07-15 23:00:00+00:00,31.374998,-80.825,26.91,-0.83
2004-07-15 23:00:00+00:00,31.374998,-80.875,26.91,-0.87
2004-07-15 23:00:00+00:00,31.374998,-80.924995,26.93,-0.89
2004-07-15 23:00:00+00:00,31.425001,-80.875,26.98,-0.83
2004-07-15 23:00:00+00:00,31.425001,-80.924995,27.02,-0.83
2004-07-15 23:00:00+00:00,31.425001,-80.825,26.96,-0.79
2004-08-15 23:00:00+00:00,31.425001,-80.924995,27.87,-0.33
2004-08-15 23:00:00+00:00,31.425001,-80.875,27.81,-0.36
2004-08-15 23:00:00+00:00,31.425001,-80.825,27.75,-0.37
2004-08-15 23:00:00+00:00,31.374998,-80.924995,27.84,-0.35
2004-08-15 23:00:00+00:00,31.374998,-80.875,27.77,-0.38
2004-08-15 23:00:00+00:00,31.374998,-80.825,27.7,-0.39
2004-09-15 23:00:00+00:00,31.374998,-80.825,26.94,-0.18
2004-09-15 23:00:00+00:00,31.425001,-80.825,26.91,-0.19
2004-09-15 23:00:00+00:00,31.374998,-80.875,26.91,-0.19
2004-09-15 23:00:00+00:00,31.374998,-80.924995,26.86,-0.22
2004-09-15 23:00:00+00:00,31.425001,-80.924995,26.82,-0.24
2004-09-15 23:00:00+00:00,31.425001,-80.875,26.87,-0.21
2004-10-15 23:00:00+00:00,31.425001,-80.924995,24.64,0.7
2004-10-15 23:00:00+00:00,31.425001,-80.875,24.69,0.66
2004-10-15 23:00:00+00:00,31.425001,-80.825,24.73,0.65
2004-10-15 23:00:00+00:00,31.374998,-80.924995,24.69,0.66
2004-10-15 23:00:00+00:00,31.374998,-80.875,24.72,0.65
2004-10-15 23:00:00+00:00,31.374998,-80.825,24.76,0.62
2004-11-16 00:00:00+00:00,31.374998,-80.825,21.9,0.72
2004-11-16 00:00:00+00:00,31.374998,-80.875,21.8,0.7
2004-11-16 00:00:00+00:00,31.374998,-80.924995,21.69,0.65
2004-11-16 00:00:00+00:00,31.425001,-80.825,21.81,0.71
2004-11-16 00:00:00+00:00,31.425001,-80.924995,21.58,0.61
2004-11-16 00:00:00+00:00,31.425001,-80.875,21.7,0.66
2004-12-16 00:00:00+00:00,31.425001,-80.924995,17.14,-1.82
2004-12-16 00:00:00+00:00,31.425001,-80.875,17.38,-1.62
2004-12-16 00:00:00+00:00,31.425001,-80.825,17.6,-1.44
2004-12-16 00:00:00+00:00,31.374998,-80.924995,17.33,-1.7
2004-12-16 00:00:00+00:00,31.374998,-80.875,17.57,-1.49
2004-12-16 00:00:00+00:00,31.374998,-80.825,17.8,-1.31
2005-01-16 00:00:00+00:00,31.374998,-80.825,15.58,-2.84
2005-01-16 00:00:00+00:00,31.374998,-80.875,15.46,-2.97
2005-01-16 00:00:00+00:00,31.374998,-80.924995,15.38,-3.08
2005-01-16 00:00:00+00:00,31.425001,-80.825,15.45,-2.91
2005-01-16 00:00:00+00:00,31.425001,-80.924995,15.28,-3.14
2005-01-16 00:00:00+00:00,31.425001,-80.875,15.34,-3.04
2005-02-16 00:00:00+00:00,31.425001,-80.924995,13.56,-4.0
2005-02-16 00:00:00+00:00,31.425001,-80.875,13.77,-3.82
2005-02-16 00:00:00+00:00,31.425001,-80.825,14.04,-3.61
2005-02-16 00:00:00+00:00,31.374998,-80.924995,13.63,-4.02
2005-02-16 00:00:00+00:00,31.374998,-80.875,13.86,-3.83
2005-02-16 00:00:00+00:00,31.374998,-80.825,14.15,-3.59
2005-03-16 00:00:00+00:00,31.374998,-80.825,14.63,-2.62
2005-03-16 00:00:00+00:00,31.425001,-80.825,14.54,-2.65
2005-03-16 00:00:00+00:00,31.374998,-80.875,14.54,-2.64
2005-03-16 00:00:00+00:00,31.425001,-80.924995,14.41,-2.64
2005-03-16 00:00:00+00:00,31.425001,-80.875,14.46,-2.66
2005-03-16 00:00:00+00:00,31.374998,-80.924995,14.48,-2.65
2005-04-15 23:00:00+00:00,31.425001,-80.924995,17.78,-1.27
2005-04-15 23:00:00+00:00,31.425001,-80.875,17.73,-1.33
2005-04-15 23:00:00+00:00,31.425001,-80.825,17.68,-1.38
2005-04-15 23:00:00+00:00,31.374998,-80.924995,17.84,-1.25
2005-04-15 23:00:00+00:00,31.374998,-80.875,17.78,-1.32
2005-04-15 23:00:00+00:00,31.374998,-80.825,17.74,-1.37
2005-05-15 23:00:00+00:00,31.374998,-80.924995,21.94,-0.84
2005-05-15 23:00:00+00:00,31.374998,-80.825,21.8,-0.91
2005-05-15 23:00:00+00:00,31.374998,-80.875,21.88,-0.85
2005-05-15 23:00:00+00:00,31.425001,-80.825,21.8,-0.89
2005-05-15 23:00:00+00:00,31.425001,-80.924995,21.93,-0.84
2005-05-15 23:00:00+00:00,31.425001,-80.875,21.87,-0.85
2005-06-15 23:00:00+00:00,31.425001,-80.924995,26.08,0.06
2005-06-15 23:00:00+00:00,31.425001,-80.875,26.0,0.02
2005-06-15 23:00:00+00:00,31.425001,-80.825,25.93,0.0
2005-06-15 23:00:00+00:00,31.374998,-80.924995,26.05,0.02
2005-06-15 23:00:00+00:00,31.374998,-80.875,25.96,-0.01
2005-06-15 23:00:00+00:00,31.374998,-80.825,25.9,-0.03
2005-07-15 23:00:00+00:00,31.374998,-80.825,28.78,1.04
2005-07-15 23:00:00+00:00,31.374998,-80.875,28.83,1.04
2005-07-15 23:00:00+00:00,31.374998,-80.924995,28.87,1.04
2005-07-15 23:00:00+00:00,31.425001,-80.825,28.82,1.05
2005-07-15 23:00:00+00:00,31.425001,-80.924995,28.92,1.05
2005-07-15 23:00:00+00:00,31.425001,-80.875,28.87,1.04
2005-08-15 23:00:00+00:00,31.425001,-80.924995,29.77,1.57
2005-08-15 23:00:00+00:00,31.425001,-80.875,29.75,1.58
2005-08-15 23:00:00+00:00,31.425001,-80.825,29.71,1.58
2005-08-15 23:00:00+00:00,31.374998,-80.924995,29.75,1.57
2005-08-15 23:00:00+00:00,31.374998,-80.875,29.72,1.58
2005-08-15 23:00:00+00:00,31.374998,-80.825,29.68,1.58
2005-09-15 23:00:00+00:00,31.374998,-80.825,27.92,0.81
2005-09-15 23:00:00+00:00,31.374998,-80.875,27.93,0.82
2005-09-15 23:00:00+00:00,31.374998,-80.924995,27.93,0.84
2005-09-15 23:00:00+00:00,31.425001,-80.825,27.9,0.81
2005-09-15 23:00:00+00:00,31.425001,-80.875,27.9,0.82
2005-09-15 23:00:00+00:00,31.425001,-80.924995,27.9,0.84
2005-10-15 23:00:00+00:00,31.425001,-80.924995,25.42,1.46
2005-10-15 23:00:00+00:00,31.425001,-80.875,25.51,1.49
2005-10-15 23:00:00+00:00,31.425001,-80.825,25.59,1.51
2005-10-15 23:00:00+00:00,31.374998,-80.924995,25.48,1.45
2005-10-15 23:00:00+00:00,31.374998,-80.875,25.56,1.49
2005-10-15 23:00:00+00:00,31.374998,-80.825,25.64,1.5
2005-11-16 00:00:00+00:00,31.374998,-80.825,20.94,-0.22
2005-11-16 00:00:00+00:00,31.374998,-80.875,20.81,-0.29
2005-11-16 00:00:00+00:00,31.374998,-80.924995,20.66,-0.38
2005-11-16 00:00:00+00:00,31.425001,-80.825,20.83,-0.28
2005-11-16 00:00:00+00:00,31.425001,-80.875,20.69,-0.34
2005-11-16 00:00:00+00:00,31.425001,-80.924995,20.54,-0.42
2005-12-16 00:00:00+00:00,31.425001,-80.924995,16.46,-2.5
2005-12-16 00:00:00+00:00,31.425001,-80.875,16.62,-2.37
2005-12-16 00:00:00+00:00,31.425001,-80.825,16.78,-2.26
2005-12-16 00:00:00+00:00,31.374998,-80.924995,16.52,-2.51
2005-12-16 00:00:00+00:00,31.374998,-80.875,16.68,-2.38
2005-12-16 00:00:00+00:00,31.374998,-80.825,16.85,-2.27
2006-01-16 00:00:00+00:00,31.374998,-80.825,15.28,-3.14
2006-01-16 00:00:00+00:00,31.374998,-80.875,15.22,-3.19
2006-01-16 00:00:00+00:00,31.374998,-80.924995,15.19,-3.27
2006-01-16 00:00:00+00:00,31.425001,-80.825,15.24,-3.12
2006-01-16 00:00:00+00:00,31.425001,-80.875,15.19,-3.18
2006-01-16 00:00:00+00:00,31.425001,-80.924995,15.16,-3.26
2006-02-16 00:00:00+00:00,31.425001,-80.924995,13.83,-3.72
2006-02-16 00:00:00+00:00,31.425001,-80.875,13.88,-3.7
2006-02-16 00:00:00+00:00,31.425001,-80.825,13.94,-3.69
2006-02-16 00:00:00+00:00,31.374998,-80.924995,13.9,-3.76
2006-02-16 00:00:00+00:00,31.374998,-80.875,13.95,-3.74
2006-02-16 00:00:00+00:00,31.374998,-80.825,14.02,-3.73
2006-03-16 00:00:00+00:00,31.374998,-80.825,15.31,-1.94
2006-03-16 00:00:00+00:00,31.374998,-80.875,15.3,-1.88
2006-03-16 00:00:00+00:00,31.374998,-80.924995,15.3,-1.83
2006-03-16 00:00:00+00:00,31.425001,-80.875,15.24,-1.88
2006-03-16 00:00:00+00:00,31.425001,-80.924995,15.24,-1.81
2006-03-16 00:00:00+00:00,31.425001,-80.825,15.25,-1.94
2006-04-15 23:00:00+00:00,31.425001,-80.924995,19.16,0.11
2006-04-15 23:00:00+00:00,31.425001,-80.875,19.11,0.06
2006-04-15 23:00:00+00:00,31.425001,-80.825,19.07,0.01
2006-04-15 23:00:00+00:00,31.374998,-80.924995,19.18,0.09
2006-04-15 23:00:00+00:00,31.374998,-80.875,19.13,0.03
2006-04-15 23:00:00+00:00,31.374998,-80.825,19.09,-0.03
2006-05-15 23:00:00+00:00,31.374998,-80.875,22.85,0.12
2006-05-15 23:00:00+00:00,31.374998,-80.825,22.81,0.09
2006-05-15 23:00:00+00:00,31.425001,-80.825,22.77,0.07
2006-05-15 23:00:00+00:00,31.425001,-80.875,22.81,0.08
2006-05-15 23:00:00+00:00,31.425001,-80.924995,22.87,0.09
2006-05-15 23:00:00+00:00,31.374998,-80.924995,22.91,0.13
2006-06-15 23:00:00+00:00,31.425001,-80.924995,26.73,0.7
2006-06-15 23:00:00+00:00,31.425001,-80.875,26.66,0.68
2006-06-15 23:00:00+00:00,31.425001,-80.825,26.59,0.66
2006-06-15 23:00:00+00:00,31.374998,-80.924995,26.71,0.69
2006-06-15 23:00:00+00:00,31.374998,-80.875,26.64,0.66
2006-06-15 23:00:00+00:00,31.374998,-80.825,26.56,0.63
2006-07-15 23:00:00+00:00,31.374998,-80.924995,28.81,0.98
2006-07-15 23:00:00+00:00,31.425001,-80.924995,28.84,0.98
2006-07-15 23:00:00+00:00,31.425001,-80.875,28.76,0.95
2006-07-15 23:00:00+00:00,31.425001,-80.825,28.67,0.91
2006-07-15 23:00:00+00:00,31.374998,-80.875,28.73,0.95
2006-07-15 23:00:00+00:00,31.374998,-80.825,28.64,0.9
2006-08-15 23:00:00+00:00,31.374998,-80.875,28.91,0.76
2006-08-15 23:00:00+00:00,31.374998,-80.924995,29.04,0.85
2006-08-15 23:00:00+00:00,31.374998,-80.825,28.78,0.66
2006-08-15 23:00:00+00:00,31.425001,-80.875,28.97,0.79
2006-08-15 23:00:00+00:00,31.425001,-80.924995,29.1,0.9
2006-08-15 23:00:00+00:00,31.425001,-80.825,28.84,0.72
2006-09-15 23:00:00+00:00,31.374998,-80.825,28.01,0.89
2006-09-15 23:00:00+00:00,31.374998,-80.875,28.04,0.93
2006-09-15 23:00:00+00:00,31.374998,-80.924995,28.05,0.96
2006-09-15 23:00:00+00:00,31.425001,-80.875,28.01,0.93
2006-09-15 23:00:00+00:00,31.425001,-80.924995,28.02,0.96
2006-09-15 23:00:00+00:00,31.425001,-80.825,27.99,0.89
2006-10-15 23:00:00+00:00,31.425001,-80.924995,24.73,0.78
2006-10-15 23:00:00+00:00,31.425001,-80.875,24.84,0.82
2006-10-15 23:00:00+00:00,31.425001,-80.825,24.93,0.85
2006-10-15 23:00:00+00:00,31.374998,-80.924995,24.8,0.79
2006-10-15 23:00:00+00:00,31.374998,-80.875,24.9,0.83
2006-10-15 23:00:00+00:00,31.374998,-80.825,24.99,0.85
2006-11-16 00:00:00+00:00,31.425001,-80.924995,19.26,-1.7
2006-11-16 00:00:00+00:00,31.425001,-80.875,19.46,-1.57
2006-11-16 00:00:00+00:00,31.425001,-80.825,19.64,-1.45
2006-11-16 00:00:00+00:00,31.374998,-80.924995,19.38,-1.66
2006-11-16 00:00:00+00:00,31.374998,-80.875,19.57,-1.53
2006-11-16 00:00:00+00:00,31.374998,-80.825,19.76,-1.42
2006-12-16 00:00:00+00:00,31.374998,-80.924995,17.19,-1.83
2006-12-16 00:00:00+00:00,31.425001,-80.825,17.51,-1.53
2006-12-16 00:00:00+00:00,31.374998,-80.875,17.41,-1.66
2006-12-16 00:00:00+00:00,31.425001,-80.924995,17.09,-1.87
2006-12-16 00:00:00+00:00,31.425001,-80.875,17.28,-1.7
2006-12-16 00:00:00+00:00,31.374998,-80.825,17.65,-1.45
2007-01-16 00:00:00+00:00,31.374998,-80.825,17.42,-1.0
2007-01-16 00:00:00+00:00,31.374998,-80.924995,16.89,-1.57
2007-01-16 00:00:00+00:00,31.374998,-80.875,17.14,-1.29
2007-01-16 00:00:00+00:00,31.425001,-80.875,17.02,-1.35
2007-01-16 00:00:00+00:00,31.425001,-80.924995,16.79,-1.63
2007-01-16 00:00:00+00:00,31.425001,-80.825,17.3,-1.06
2007-02-16 00:00:00+00:00,31.425001,-80.924995,14.63,-2.92
2007-02-16 00:00:00+00:00,31.425001,-80.875,14.85,-2.74
2007-02-16 00:00:00+00:00,31.425001,-80.825,15.08,-2.57
2007-02-16 00:00:00+00:00,31.374998,-80.924995,14.76,-2.9
2007-02-16 00:00:00+00:00,31.374998,-80.875,14.98,-2.71
2007-02-16 00:00:00+00:00,31.374998,-80.825,15.22,-2.52
2007-03-15 23:00:00+00:00,31.374998,-80.825,16.34,-0.91
2007-03-15 23:00:00+00:00,31.374998,-80.924995,16.25,-0.88
2007-03-15 23:00:00+00:00,31.374998,-80.875,16.27,-0.91
2007-03-15 23:00:00+00:00,31.425001,-80.875,16.24,-0.88
2007-03-15 23:00:00+00:00,31.425001,-80.924995,16.23,-0.82
2007-03-15 23:00:00+00:00,31.425001,-80.825,16.3,-0.89
2007-04-15 23:00:00+00:00,31.425001,-80.924995,19.19,0.14
2007-04-15 23:00:00+00:00,31.425001,-80.875,19.2,0.14
2007-04-15 23:00:00+00:00,31.425001,-80.825,19.22,0.14
2007-04-15 23:00:00+00:00,31.374998,-80.924995,19.21,0.12
2007-04-15 23:00:00+00:00,31.374998,-80.875,19.22,0.12
2007-04-15 23:00:00+00:00,31.374998,-80.825,19.25,0.13
2007-05-15 23:00:00+00:00,31.374998,-80.825,22.38,-0.32
2007-05-15 23:00:00+00:00,31.374998,-80.875,22.41,-0.33
2007-05-15 23:00:00+00:00,31.374998,-80.924995,22.44,-0.34
2007-05-15 23:00:00+00:00,31.425001,-80.825,22.38,-0.32
2007-05-15 23:00:00+00:00,31.425001,-80.924995,22.45,-0.32
2007-05-15 23:00:00+00:00,31.425001,-80.875,22.4,-0.33
2007-06-15 23:00:00+00:00,31.425001,-80.924995,25.93,-0.09
2007-06-15 23:00:00+00:00,31.425001,-80.875,25.86,-0.12
2007-06-15 23:00:00+00:00,31.425001,-80.825,25.8,-0.13
2007-06-15 23:00:00+00:00,31.374998,-80.924995,25.89,-0.13
2007-06-15 23:00:00+00:00,31.374998,-80.875,25.83,-0.14
2007-06-15 23:00:00+00:00,31.374998,-80.825,25.76,-0.16
2007-07-15 23:00:00+00:00,31.374998,-80.825,28.09,0.35
2007-07-15 23:00:00+00:00,31.374998,-80.875,28.15,0.37
2007-07-15 23:00:00+00:00,31.374998,-80.924995,28.22,0.39
2007-07-15 23:00:00+00:00,31.425001,-80.825,28.11,0.35
2007-07-15 23:00:00+00:00,31.425001,-80.924995,28.25,0.39
2007-07-15 23:00:00+00:00,31.425001,-80.875,28.18,0.37
2007-08-15 23:00:00+00:00,31.425001,-80.924995,29.31,1.11
2007-08-15 23:00:00+00:00,31.425001,-80.875,29.27,1.1
2007-08-15 23:00:00+00:00,31.425001,-80.825,29.22,1.1
2007-08-15 23:00:00+00:00,31.374998,-80.924995,29.29,1.11
2007-08-15 23:00:00+00:00,31.374998,-80.875,29.25,1.1
2007-08-15 23:00:00+00:00,31.374998,-80.825,29.2,1.09
2007-09-15 23:00:00+00:00,31.374998,-80.825,28.02,0.9
2007-09-15 23:00:00+00:00,31.374998,-80.924995,28.07,0.97
2007-09-15 23:00:00+00:00,31.374998,-80.875,28.05,0.95
2007-09-15 23:00:00+00:00,31.425001,-80.875,28.03,0.96
2007-09-15 23:00:00+00:00,31.425001,-80.924995,28.04,0.98
2007-09-15 23:00:00+00:00,31.425001,-80.825,28.01,0.91
2007-10-15 23:00:00+00:00,31.425001,-80.924995,25.44,1.49
2007-10-15 23:00:00+00:00,31.425001,-80.875,25.48,1.46
2007-10-15 23:00:00+00:00,31.425001,-80.825,25.53,1.45
2007-10-15 23:00:00+00:00,31.374998,-80.924995,25.5,1.49
2007-10-15 23:00:00+00:00,31.374998,-80.875,25.55,1.46
2007-10-15 23:00:00+00:00,31.374998,-80.825,25.59,1.45
2007-11-16 00:00:00+00:00,31.374998,-80.825,20.72,-0.45
2007-11-16 00:00:00+00:00,31.374998,-80.875,20.55,-0.55
2007-11-16 00:00:00+00:00,31.374998,-80.924995,20.36,-0.68
2007-11-16 00:00:00+00:00,31.425001,-80.825,20.63,-0.47
2007-11-16 00:00:00+00:00,31.425001,-80.924995,20.26,-0.71
2007-11-16 00:00:00+00:00,31.425001,-80.875,20.45,-0.58
2007-12-16 00:00:00+00:00,31.425001,-80.924995,17.91,-1.04
2007-12-16 00:00:00+00:00,31.425001,-80.875,18.18,-0.81
2007-12-16 00:00:00+00:00,31.425001,-80.825,18.46,-0.58
2007-12-16 00:00:00+00:00,31.374998,-80.924995,18.02,-1.0
2007-12-16 00:00:00+00:00,31.374998,-80.875,18.3,-0.77
2007-12-16 00:00:00+00:00,31.374998,-80.825,18.58,-0.52
2008-01-16 00:00:00+00:00,31.374998,-80.825,16.14,-2.28
2008-01-16 00:00:00+00:00,31.374998,-80.924995,15.62,-2.84
2008-01-16 00:00:00+00:00,31.374998,-80.875,15.87,-2.56
2008-01-16 00:00:00+00:00,31.425001,-80.875,15.72,-2.66
2008-01-16 00:00:00+00:00,31.425001,-80.924995,15.49,-2.92
2008-01-16 00:00:00+00:00,31.425001,-80.825,15.97,-2.39
2008-02-16 00:00:00+00:00,31.425001,-80.924995,15.11,-2.42
2008-02-16 00:00:00+00:00,31.425001,-80.875,15.22,-2.34
2008-02-16 00:00:00+00:00,31.425001,-80.825,15.39,-2.25
2008-02-16 00:00:00+00:00,31.374998,-80.924995,15.18,-2.46
2008-02-16 00:00:00+00:00,31.374998,-80.875,15.32,-2.35
2008-02-16 00:00:00+00:00,31.374998,-80.825,15.5,-2.23
2008-03-15 23:00:00+00:00,31.374998,-80.825,17.02,-0.22
2008-03-15 23:00:00+00:00,31.374998,-80.924995,16.73,-0.39
2008-03-15 23:00:00+00:00,31.374998,-80.875,16.85,-0.33
2008-03-15 23:00:00+00:00,31.425001,-80.875,16.74,-0.38
2008-03-15 23:00:00+00:00,31.425001,-80.924995,16.65,-0.41
2008-03-15 23:00:00+00:00,31.425001,-80.825,16.88,-0.31
2008-04-15 23:00:00+00:00,31.425001,-80.924995,19.24,0.19
2008-04-15 23:00:00+00:00,31.425001,-80.875,19.19,0.14
2008-04-15 23:00:00+00:00,31.425001,-80.825,19.16,0.09
2008-04-15 23:00:00+00:00,31.374998,-80.924995,19.29,0.19
2008-04-15 23:00:00+00:00,31.374998,-80.875,19.25,0.14
2008-04-15 23:00:00+00:00,31.374998,-80.825,19.22,0.11
2008-05-15 23:00:00+00:00,31.374998,-80.875,22.71,-0.03
2008-05-15 23:00:00+00:00,31.425001,-80.924995,22.8,0.03
2008-05-15 23:00:00+00:00,31.425001,-80.875,22.72,-0.01
2008-05-15 23:00:00+00:00,31.425001,-80.825,22.65,-0.04
2008-05-15 23:00:00+00:00,31.374998,-80.924995,22.78,0.0
2008-05-15 23:00:00+00:00,31.374998,-80.825,22.64,-0.07
2008-06-15 23:00:00+00:00,31.374998,-80.825,26.89,0.96
2008-06-15 23:00:00+00:00,31.374998,-80.875,27.01,1.03
2008-06-15 23:00:00+00:00,31.374998,-80.924995,27.13,1.11
2008-06-15 23:00:00+00:00,31.425001,-80.825,26.93,1.0
2008-06-15 23:00:00+00:00,31.425001,-80.875,27.04,1.06
2008-06-15 23:00:00+00:00,31.425001,-80.924995,27.18,1.15
2008-07-15 23:00:00+00:00,31.425001,-80.924995,27.67,-0.19
2008-07-15 23:00:00+00:00,31.425001,-80.875,27.56,-0.25
2008-07-15 23:00:00+00:00,31.425001,-80.825,27.46,-0.29
2008-07-15 23:00:00+00:00,31.374998,-80.924995,27.55,-0.26
2008-07-15 23:00:00+00:00,31.374998,-80.875,27.45,-0.33
2008-07-15 23:00:00+00:00,31.374998,-80.825,27.35,-0.38
2008-08-15 23:00:00+00:00,31.374998,-80.825,26.26,-1.84
2008-08-15 23:00:00+00:00,31.374998,-80.875,26.32,-1.83
2008-08-15 23:00:00+00:00,31.374998,-80.924995,26.4,-1.78
2008-08-15 23:00:00+00:00,31.425001,-80.825,26.34,-1.78
2008-08-15 23:00:00+00:00,31.425001,-80.875,26.42,-1.75
2008-08-15 23:00:00+00:00,31.425001,-80.924995,26.52,-1.68
2008-09-15 23:00:00+00:00,31.425001,-80.924995,27.35,0.29
2008-09-15 23:00:00+00:00,31.425001,-80.875,27.35,0.26
2008-09-15 23:00:00+00:00,31.425001,-80.825,27.34,0.25
2008-09-15 23:00:00+00:00,31.374998,-80.924995,27.35,0.26
2008-09-15 23:00:00+00:00,31.374998,-80.875,27.35,0.24
2008-09-15 23:00:00+00:00,31.374998,-80.825,27.35,0.22
2008-10-15 23:00:00+00:00,31.374998,-80.825,23.93,-0.21
2008-10-15 23:00:00+00:00,31.374998,-80.875,23.84,-0.22
2008-10-15 23:00:00+00:00,31.374998,-80.924995,23.74,-0.26
2008-10-15 23:00:00+00:00,31.425001,-80.825,23.87,-0.21
2008-10-15 23:00:00+00:00,31.425001,-80.875,23.77,-0.24
2008-10-15 23:00:00+00:00,31.425001,-80.924995,23.67,-0.28
2008-11-16 00:00:00+00:00,31.425001,-80.924995,18.34,-2.63
2008-11-16 00:00:00+00:00,31.425001,-80.875,18.55,-2.48
2008-11-16 00:00:00+00:00,31.425001,-80.825,18.77,-2.33
2008-11-16 00:00:00+00:00,31.374998,-80.924995,18.43,-2.61
2008-11-16 00:00:00+00:00,31.374998,-80.875,18.65,-2.45
2008-11-16 00:00:00+00:00,31.374998,-80.825,18.87,-2.3
2008-12-16 00:00:00+00:00,31.374998,-80.825,16.24,-2.88
2008-12-16 00:00:00+00:00,31.374998,-80.875,16.04,-3.02
2008-12-16 00:00:00+00:00,31.374998,-80.924995,15.87,-3.16
2008-12-16 00:00:00+00:00,31.425001,-80.875,15.97,-3.02
2008-12-16 00:00:00+00:00,31.425001,-80.924995,15.8,-3.15
2008-12-16 00:00:00+00:00,31.425001,-80.825,16.16,-2.88
2009-01-16 00:00:00+00:00,31.425001,-80.924995,14.67,-3.75
2009-01-16 00:00:00+00:00,31.425001,-80.875,14.79,-3.59
2009-01-16 00:00:00+00:00,31.425001,-80.825,14.94,-3.42
2009-01-16 00:00:00+00:00,31.374998,-80.924995,14.73,-3.73
2009-01-16 00:00:00+00:00,31.374998,-80.875,14.88,-3.55
2009-01-16 00:00:00+00:00,31.374998,-80.825,15.05,-3.37
2009-02-16 00:00:00+00:00,31.374998,-80.875,13.9,-3.79
2009-02-16 00:00:00+00:00,31.374998,-80.825,14.11,-3.63
2009-02-16 00:00:00+00:00,31.374998,-80.924995,13.74,-3.91
2009-02-16 00:00:00+00:00,31.425001,-80.825,14.03,-3.62
2009-02-16 00:00:00+00:00,31.425001,-80.875,13.83,-3.76
2009-02-16 00:00:00+00:00,31.425001,-80.924995,13.67,-3.89
2009-03-15 23:00:00+00:00,31.425001,-80.924995,15.23,-1.82
2009-03-15 23:00:00+00:00,31.425001,-80.875,15.25,-1.87
2009-03-15 23:00:00+00:00,31.425001,-80.825,15.3,-1.89
2009-03-15 23:00:00+00:00,31.374998,-80.924995,15.25,-1.88
2009-03-15 23:00:00+00:00,31.374998,-80.875,15.28,-1.9
2009-03-15 23:00:00+00:00,31.374998,-80.825,15.34,-1.91
2009-04-15 23:00:00+00:00,31.374998,-80.825,18.48,-0.63
2009-04-15 23:00:00+00:00,31.374998,-80.875,18.5,-0.59
2009-04-15 23:00:00+00:00,31.374998,-80.924995,18.52,-0.57
2009-04-15 23:00:00+00:00,31.425001,-80.875,18.49,-0.56
2009-04-15 23:00:00+00:00,31.425001,-80.924995,18.52,-0.52
2009-04-15 23:00:00+00:00,31.425001,-80.825,18.47,-0.58
2009-05-15 23:00:00+00:00,31.425001,-80.924995,23.4,0.63
2009-05-15 23:00:00+00:00,31.425001,-80.875,23.32,0.58
2009-05-15 23:00:00+00:00,31.425001,-80.825,23.25,0.55
2009-05-15 23:00:00+00:00,31.374998,-80.924995,23.4,0.62
2009-05-15 23:00:00+00:00,31.374998,-80.875,23.32,0.58
2009-05-15 23:00:00+00:00,31.374998,-80.825,23.25,0.53
2009-06-15 23:00:00+00:00,31.374998,-80.875,27.25,1.27
2009-06-15 23:00:00+00:00,31.374998,-80.825,27.21,1.28
2009-06-15 23:00:00+00:00,31.374998,-80.924995,27.29,1.26
2009-06-15 23:00:00+00:00,31.425001,-80.825,27.31,1.38
2009-06-15 23:00:00+00:00,31.425001,-80.875,27.33,1.36
2009-06-15 23:00:00+00:00,31.425001,-80.924995,27.36,1.33
2009-07-15 23:00:00+00:00,31.425001,-80.924995,27.71,-0.14
2009-07-15 23:00:00+00:00,31.425001,-80.875,27.63,-0.19
2009-07-15 23:00:00+00:00,31.425001,-80.825,27.55,-0.21
2009-07-15 23:00:00+00:00,31.374998,-80.924995,27.64,-0.19
2009-07-15 23:00:00+00:00,31.374998,-80.875,27.56,-0.22
2009-07-15 23:00:00+00:00,31.374998,-80.825,27.49,-0.25
2009-08-15 23:00:00+00:00,31.374998,-80.825,27.58,-0.52
2009-08-15 23:00:00+00:00,31.374998,-80.875,27.64,-0.51
2009-08-15 23:00:00+00:00,31.374998,-80.924995,27.73,-0.45
2009-08-15 23:00:00+00:00,31.425001,-80.825,27.63,-0.48
2009-08-15 23:00:00+00:00,31.425001,-80.875,27.71,-0.45
2009-08-15 23:00:00+00:00,31.425001,-80.924995,27.82,-0.38
2009-09-15 23:00:00+00:00,31.425001,-80.924995,27.39,0.33
2009-09-15 23:00:00+00:00,31.425001,-80.875,27.31,0.24
2009-09-15 23:00:00+00:00,31.425001,-80.825,27.25,0.14
2009-09-15 23:00:00+00:00,31.374998,-80.924995,27.37,0.28
2009-09-15 23:00:00+00:00,31.374998,-80.875,27.3,0.19
2009-09-15 23:00:00+00:00,31.374998,-80.825,27.24,0.13
2009-10-15 23:00:00+00:00,31.374998,-80.875,25.33,1.26
2009-10-15 23:00:00+00:00,31.374998,-80.924995,25.27,1.26
2009-10-15 23:00:00+00:00,31.374998,-80.825,25.4,1.26
2009-10-15 23:00:00+00:00,31.425001,-80.875,25.26,1.24
2009-10-15 23:00:00+00:00,31.425001,-80.924995,25.2,1.25
2009-10-15 23:00:00+00:00,31.425001,-80.825,25.32,1.24
2009-11-16 00:00:00+00:00,31.425001,-80.924995,21.03,0.06
2009-11-16 00:00:00+00:00,31.425001,-80.875,21.19,0.16
2009-11-16 00:00:00+00:00,31.425001,-80.825,21.35,0.25
2009-11-16 00:00:00+00:00,31.374998,-80.924995,21.13,0.09
2009-11-16 00:00:00+00:00,31.374998,-80.875,21.29,0.19
2009-11-16 00:00:00+00:00,31.374998,-80.825,21.45,0.26
2009-12-16 00:00:00+00:00,31.374998,-80.825,18.62,-0.48
2009-12-16 00:00:00+00:00,31.374998,-80.875,18.43,-0.63
2009-12-16 00:00:00+00:00,31.374998,-80.924995,18.27,-0.76
2009-12-16 00:00:00+00:00,31.425001,-80.825,18.5,-0.55
2009-12-16 00:00:00+00:00,31.425001,-80.875,18.32,-0.66
2009-12-16 00:00:00+00:00,31.425001,-80.924995,18.17,-0.79
2010-01-16 00:00:00+00:00,31.425001,-80.924995,17.26,-1.16
2010-01-16 00:00:00+00:00,31.425001,-80.875,17.03,-1.35
2010-01-16 00:00:00+00:00,31.425001,-80.825,16.84,-1.53
2010-01-16 00:00:00+00:00,31.374998,-80.924995,17.28,-1.17
2010-01-16 00:00:00+00:00,31.374998,-80.875,17.06,-1.37
2010-01-16 00:00:00+00:00,31.374998,-80.825,16.89,-1.53
2010-02-16 00:00:00+00:00,31.374998,-80.825,15.98,-1.76
2010-02-16 00:00:00+00:00,31.374998,-80.875,16.15,-1.54
2010-02-16 00:00:00+00:00,31.374998,-80.924995,16.32,-1.33
2010-02-16 00:00:00+00:00,31.425001,-80.825,15.96,-1.69
2010-02-16 00:00:00+00:00,31.425001,-80.875,16.12,-1.46
2010-02-16 00:00:00+00:00,31.425001,-80.924995,16.29,-1.27
2010-03-15 23:00:00+00:00,31.425001,-80.924995,13.96,-3.1
2010-03-15 23:00:00+00:00,31.425001,-80.875,13.91,-3.21
2010-03-15 23:00:00+00:00,31.425001,-80.825,13.87,-3.32
2010-03-15 23:00:00+00:00,31.374998,-80.924995,13.98,-3.15
2010-03-15 23:00:00+00:00,31.374998,-80.875,13.93,-3.25
2010-03-15 23:00:00+00:00,31.374998,-80.825,13.88,-3.38
2010-04-15 23:00:00+00:00,31.374998,-80.825,18.74,-0.37
2010-04-15 23:00:00+00:00,31.374998,-80.875,18.75,-0.35
2010-04-15 23:00:00+00:00,31.374998,-80.924995,18.77,-0.32
2010-04-15 23:00:00+00:00,31.425001,-80.825,18.72,-0.34
2010-04-15 23:00:00+00:00,31.425001,-80.875,18.73,-0.32
2010-04-15 23:00:00+00:00,31.425001,-80.924995,18.75,-0.29
2010-05-15 23:00:00+00:00,31.425001,-80.924995,23.62,0.85
2010-05-15 23:00:00+00:00,31.425001,-80.875,23.55,0.81
2010-05-15 23:00:00+00:00,31.425001,-80.825,23.49,0.79
2010-05-15 23:00:00+00:00,31.374998,-80.924995,23.6,0.82
2010-05-15 23:00:00+00:00,31.374998,-80.875,23.54,0.79
2010-05-15 23:00:00+00:00,31.374998,-80.825,23.49,0.78
2010-06-15 23:00:00+00:00,31.374998,-80.875,27.58,1.59
2010-06-15 23:00:00+00:00,31.374998,-80.924995,27.67,1.65
2010-06-15 23:00:00+00:00,31.374998,-80.825,27.49,1.57
2010-06-15 23:00:00+00:00,31.425001,-80.875,27.69,1.7
2010-06-15 23:00:00+00:00,31.425001,-80.924995,27.78,1.76
2010-06-15 23:00:00+00:00,31.425001,-80.825,27.59,1.66
2010-07-15 23:00:00+00:00,31.425001,-80.924995,28.1,0.25
2010-07-15 23:00:00+00:00,31.425001,-80.875,28.04,0.22
2010-07-15 23:00:00+00:00,31.425001,-80.825,28.0,0.24
2010-07-15 23:00:00+00:00,31.374998,-80.924995,28.03,0.21
2010-07-15 23:00:00+00:00,31.374998,-80.875,27.98,0.19
2010-07-15 23:00:00+00:00,31.374998,-80.825,27.96,0.22
2010-08-15 23:00:00+00:00,31.374998,-80.825,29.06,0.96
2010-08-15 23:00:00+00:00,31.374998,-80.875,29.17,1.02
2010-08-15 23:00:00+00:00,31.374998,-80.924995,29.29,1.11
2010-08-15 23:00:00+00:00,31.425001,-80.825,29.12,1.0
2010-08-15 23:00:00+00:00,31.425001,-80.875,29.24,1.06
2010-08-15 23:00:00+00:00,31.425001,-80.924995,29.37,1.16
2010-09-15 23:00:00+00:00,31.425001,-80.924995,28.57,1.51
2010-09-15 23:00:00+00:00,31.425001,-80.875,28.5,1.43
2010-09-15 23:00:00+00:00,31.425001,-80.825,28.41,1.32
2010-09-15 23:00:00+00:00,31.374998,-80.924995,28.55,1.46
2010-09-15 23:00:00+00:00,31.374998,-80.875,28.48,1.37
2010-09-15 23:00:00+00:00,31.374998,-80.825,28.38,1.26
2010-10-15 23:00:00+00:00,31.374998,-80.875,25.18,1.11
2010-10-15 23:00:00+00:00,31.374998,-80.924995,25.06,1.04
2010-10-15 23:00:00+00:00,31.374998,-80.825,25.29,1.15
2010-10-15 23:00:00+00:00,31.425001,-80.875,25.13,1.11
2010-10-15 23:00:00+00:00,31.425001,-80.924995,25.0,1.04
2010-10-15 23:00:00+00:00,31.425001,-80.825,25.25,1.16
2010-11-16 00:00:00+00:00,31.425001,-80.924995,20.73,-0.24
2010-11-16 00:00:00+00:00,31.425001,-80.875,20.92,-0.12
2010-11-16 00:00:00+00:00,31.425001,-80.825,21.08,-0.02
2010-11-16 00:00:00+00:00,31.374998,-80.924995,20.83,-0.21
2010-11-16 00:00:00+00:00,31.374998,-80.875,21.02,-0.08
2010-11-16 00:00:00+00:00,31.374998,-80.825,21.19,0.01
2010-12-16 00:00:00+00:00,31.374998,-80.875,17.22,-1.83
2010-12-16 00:00:00+00:00,31.374998,-80.924995,17.09,-1.93
2010-12-16 00:00:00+00:00,31.374998,-80.825,17.35,-1.76
2010-12-16 00:00:00+00:00,31.425001,-80.875,17.14,-1.84
2010-12-16 00:00:00+00:00,31.425001,-80.924995,17.04,-1.92
2010-12-16 00:00:00+00:00,31.425001,-80.825,17.26,-1.78
2011-01-16 00:00:00+00:00,31.374998,-80.875,17.13,-1.29
2011-01-16 00:00:00+00:00,31.374998,-80.924995,17.35,-1.11
2011-01-16 00:00:00+00:00,31.374998,-80.825,16.94,-1.48
2011-01-16 00:00:00+00:00,31.425001,-80.875,17.16,-1.22
2011-01-16 00:00:00+00:00,31.425001,-80.924995,17.37,-1.04
2011-01-16 00:00:00+00:00,31.425001,-80.825,16.97,-1.4
2011-02-16 00:00:00+00:00,31.425001,-80.924995,15.73,-1.83
2011-02-16 00:00:00+00:00,31.425001,-80.875,15.66,-1.93
2011-02-16 00:00:00+00:00,31.425001,-80.825,15.64,-2.0
2011-02-16 00:00:00+00:00,31.374998,-80.924995,15.81,-1.84
2011-02-16 00:00:00+00:00,31.374998,-80.875,15.76,-1.93
2011-02-16 00:00:00+00:00,31.374998,-80.825,15.75,-1.99
2011-03-15 23:00:00+00:00,31.374998,-80.875,16.4,-0.77
2011-03-15 23:00:00+00:00,31.374998,-80.825,16.5,-0.76
2011-03-15 23:00:00+00:00,31.425001,-80.825,16.44,-0.75
2011-03-15 23:00:00+00:00,31.425001,-80.875,16.36,-0.76
2011-03-15 23:00:00+00:00,31.374998,-80.924995,16.33,-0.79
2011-03-15 23:00:00+00:00,31.425001,-80.924995,16.3,-0.76
2011-04-15 23:00:00+00:00,31.425001,-80.924995,20.33,1.28
2011-04-15 23:00:00+00:00,31.425001,-80.875,20.28,1.23
2011-04-15 23:00:00+00:00,31.425001,-80.825,20.23,1.16
2011-04-15 23:00:00+00:00,31.374998,-80.924995,20.31,1.22
2011-04-15 23:00:00+00:00,31.374998,-80.875,20.25,1.15
2011-04-15 23:00:00+00:00,31.374998,-80.825,20.21,1.09
2011-05-15 23:00:00+00:00,31.374998,-80.825,23.62,0.91
2011-05-15 23:00:00+00:00,31.374998,-80.875,23.75,1.02
2011-05-15 23:00:00+00:00,31.374998,-80.924995,23.91,1.13
2011-05-15 23:00:00+00:00,31.425001,-80.825,23.6,0.91
2011-05-15 23:00:00+00:00,31.425001,-80.875,23.75,1.01
2011-05-15 23:00:00+00:00,31.425001,-80.924995,23.91,1.14
2011-06-15 23:00:00+00:00,31.425001,-80.924995,27.31,1.28
2011-06-15 23:00:00+00:00,31.425001,-80.875,27.19,1.2
2011-06-15 23:00:00+00:00,31.425001,-80.825,27.08,1.15
2011-06-15 23:00:00+00:00,31.374998,-80.924995,27.24,1.22
2011-06-15 23:00:00+00:00,31.374998,-80.875,27.12,1.15
2011-06-15 23:00:00+00:00,31.374998,-80.825,27.01,1.07
2011-07-15 23:00:00+00:00,31.374998,-80.825,27.56,-0.18
2011-07-15 23:00:00+00:00,31.374998,-80.875,27.68,-0.09
2011-07-15 23:00:00+00:00,31.374998,-80.924995,27.83,0.01
2011-07-15 23:00:00+00:00,31.425001,-80.875,27.81,0.0
2011-07-15 23:00:00+00:00,31.425001,-80.924995,27.97,0.12
2011-07-15 23:00:00+00:00,31.425001,-80.825,27.67,-0.09
2011-08-15 23:00:00+00:00,31.425001,-80.924995,28.35,0.14
2011-08-15 23:00:00+00:00,31.425001,-80.875,28.3,0.13
2011-08-15 23:00:00+00:00,31.425001,-80.825,28.29,0.17
2011-08-15 23:00:00+00:00,31.374998,-80.924995,28.28,0.09
2011-08-15 23:00:00+00:00,31.374998,-80.875,28.26,0.11
2011-08-15 23:00:00+00:00,31.374998,-80.825,28.26,0.14
2011-09-15 23:00:00+00:00,31.425001,-80.825,28.13,1.03
2011-09-15 23:00:00+00:00,31.374998,-80.825,28.16,1.04
2011-09-15 23:00:00+00:00,31.374998,-80.875,28.11,1.01
2011-09-15 23:00:00+00:00,31.425001,-80.875,28.08,1.01
2011-09-15 23:00:00+00:00,31.425001,-80.924995,28.03,0.97
2011-09-15 23:00:00+00:00,31.374998,-80.924995,28.06,0.97
2011-10-15 23:00:00+00:00,31.374998,-80.875,24.47,0.39
2011-10-15 23:00:00+00:00,31.425001,-80.924995,24.25,0.31
2011-10-15 23:00:00+00:00,31.425001,-80.875,24.39,0.37
2011-10-15 23:00:00+00:00,31.425001,-80.825,24.51,0.42
2011-10-15 23:00:00+00:00,31.374998,-80.924995,24.34,0.32
2011-10-15 23:00:00+00:00,31.374998,-80.825,24.58,0.44
2011-11-16 00:00:00+00:00,31.374998,-80.875,19.77,-1.33
2011-11-16 00:00:00+00:00,31.374998,-80.825,19.97,-1.2
2011-11-16 00:00:00+00:00,31.374998,-80.924995,19.56,-1.48
2011-11-16 00:00:00+00:00,31.425001,-80.875,19.65,-1.38
2011-11-16 00:00:00+00:00,31.425001,-80.924995,19.44,-1.53
2011-11-16 00:00:00+00:00,31.425001,-80.825,19.86,-1.24
2011-12-16 00:00:00+00:00,31.425001,-80.924995,17.42,-1.53
2011-12-16 00:00:00+00:00,31.425001,-80.875,17.73,-1.26
2011-12-16 00:00:00+00:00,31.425001,-80.825,18.02,-1.03
2011-12-16 00:00:00+00:00,31.374998,-80.924995,17.54,-1.49
2011-12-16 00:00:00+00:00,31.374998,-80.875,17.83,-1.23
2011-12-16 00:00:00+00:00,31.374998,-80.825,18.12,-0.98
2012-01-16 00:00:00+00:00,31.374998,-80.924995,15.81,-2.65
2012-01-16 00:00:00+00:00,31.425001,-80.924995,15.66,-2.76
2012-01-16 00:00:00+00:00,31.425001,-80.875,15.93,-2.45
2012-01-16 00:00:00+00:00,31.425001,-80.825,16.2,-2.16
2012-01-16 00:00:00+00:00,31.374998,-80.875,16.08,-2.34
2012-01-16 00:00:00+00:00,31.374998,-80.825,16.35,-2.07
2012-02-16 00:00:00+00:00,31.374998,-80.875,15.82,-1.86
2012-02-16 00:00:00+00:00,31.374998,-80.924995,15.61,-2.04
2012-02-16 00:00:00+00:00,31.374998,-80.825,16.04,-1.69
2012-02-16 00:00:00+00:00,31.425001,-80.875,15.68,-1.9
2012-02-16 00:00:00+00:00,31.425001,-80.924995,15.47,-2.08
2012-02-16 00:00:00+00:00,31.425001,-80.825,15.9,-1.74
2012-03-15 23:00:00+00:00,31.374998,-80.825,17.97,0.72
2012-03-15 23:00:00+00:00,31.374998,-80.875,17.96,0.79
2012-03-15 23:00:00+00:00,31.374998,-80.924995,17.96,0.84
2012-03-15 23:00:00+00:00,31.425001,-80.875,17.9,0.78
2012-03-15 23:00:00+00:00,31.425001,-80.924995,17.91,0.85
2012-03-15 23:00:00+00:00,31.425001,-80.825,17.9,0.72
2012-04-15 23:00:00+00:00,31.425001,-80.924995,21.01,1.95
2012-04-15 23:00:00+00:00,31.425001,-80.875,20.97,1.91
2012-04-15 23:00:00+00:00,31.425001,-80.825,20.94,1.87
2012-04-15 23:00:00+00:00,31.374998,-80.924995,21.04,1.94
2012-04-15 23:00:00+00:00,31.374998,-80.875,20.99,1.89
2012-04-15 23:00:00+00:00,31.374998,-80.825,20.96,1.84
2012-05-15 23:00:00+00:00,31.425001,-80.924995,24.21,1.44
2012-05-15 23:00:00+00:00,31.425001,-80.875,24.13,1.4
2012-05-15 23:00:00+00:00,31.425001,-80.825,24.06,1.36
2012-05-15 23:00:00+00:00,31.374998,-80.924995,24.22,1.44
2012-05-15 23:00:00+00:00,31.374998,-80.875,24.13,1.39
2012-05-15 23:00:00+00:00,31.374998,-80.825,24.06,1.35
2012-06-15 23:00:00+00:00,31.374998,-80.924995,26.04,0.01
2012-06-15 23:00:00+00:00,31.425001,-80.825,25.95,0.02
2012-06-15 23:00:00+00:00,31.374998,-80.875,25.98,0.01
2012-06-15 23:00:00+00:00,31.425001,-80.924995,26.06,0.03
2012-06-15 23:00:00+00:00,31.425001,-80.875,26.01,0.03
2012-06-15 23:00:00+00:00,31.374998,-80.825,25.92,0.0
2012-07-15 23:00:00+00:00,31.374998,-80.875,28.21,0.42
2012-07-15 23:00:00+00:00,31.374998,-80.825,28.15,0.41
2012-07-15 23:00:00+00:00,31.374998,-80.924995,28.28,0.45
2012-07-15 23:00:00+00:00,31.425001,-80.825,28.2,0.44
2012-07-15 23:00:00+00:00,31.425001,-80.875,28.26,0.45
2012-07-15 23:00:00+00:00,31.425001,-80.924995,28.32,0.47
2012-08-15 23:00:00+00:00,31.425001,-80.924995,27.7,-0.5
2012-08-15 23:00:00+00:00,31.425001,-80.875,27.59,-0.58
2012-08-15 23:00:00+00:00,31.425001,-80.825,27.48,-0.64
2012-08-15 23:00:00+00:00,31.374998,-80.924995,27.59,-0.59
2012-08-15 23:00:00+00:00,31.374998,-80.875,27.48,-0.66
2012-08-15 23:00:00+00:00,31.374998,-80.825,27.39,-0.72
2012-09-15 23:00:00+00:00,31.374998,-80.825,27.23,0.11
2012-09-15 23:00:00+00:00,31.374998,-80.875,27.27,0.16
2012-09-15 23:00:00+00:00,31.374998,-80.924995,27.31,0.22
2012-09-15 23:00:00+00:00,31.425001,-80.825,27.26,0.16
2012-09-15 23:00:00+00:00,31.425001,-80.875,27.3,0.22
2012-09-15 23:00:00+00:00,31.425001,-80.924995,27.34,0.28
2012-10-15 23:00:00+00:00,31.425001,-80.924995,25.13,1.17
2012-10-15 23:00:00+00:00,31.425001,-80.875,25.21,1.18
2012-10-15 23:00:00+00:00,31.425001,-80.825,25.28,1.19
2012-10-15 23:00:00+00:00,31.374998,-80.924995,25.19,1.17
2012-10-15 23:00:00+00:00,31.374998,-80.875,25.27,1.18
2012-10-15 23:00:00+00:00,31.374998,-80.825,25.33,1.18
2012-11-16 00:00:00+00:00,31.374998,-80.825,18.94,-2.24
2012-11-16 00:00:00+00:00,31.374998,-80.875,18.72,-2.37
2012-11-16 00:00:00+00:00,31.374998,-80.924995,18.53,-2.51
2012-11-16 00:00:00+00:00,31.425001,-80.875,18.6,-2.42
2012-11-16 00:00:00+00:00,31.425001,-80.924995,18.41,-2.56
2012-11-16 00:00:00+00:00,31.425001,-80.825,18.81,-2.29
2012-12-16 00:00:00+00:00,31.425001,-80.924995,16.74,-2.22
2012-12-16 00:00:00+00:00,31.425001,-80.875,17.03,-1.95
2012-12-16 00:00:00+00:00,31.425001,-80.825,17.35,-1.7
2012-12-16 00:00:00+00:00,31.374998,-80.924995,16.8,-2.22
2012-12-16 00:00:00+00:00,31.374998,-80.875,17.1,-1.95
2012-12-16 00:00:00+00:00,31.374998,-80.825,17.42,-1.69
2013-01-16 00:00:00+00:00,31.425001,-80.825,16.38,-1.99
2013-01-16 00:00:00+00:00,31.374998,-80.825,16.51,-1.91
2013-01-16 00:00:00+00:00,31.374998,-80.875,16.23,-2.19
2013-01-16 00:00:00+00:00,31.425001,-80.875,16.12,-2.26
2013-01-16 00:00:00+00:00,31.425001,-80.924995,15.89,-2.53
2013-01-16 00:00:00+00:00,31.374998,-80.924995,15.98,-2.48
2013-02-16 00:00:00+00:00,31.374998,-80.875,15.47,-2.22
2013-02-16 00:00:00+00:00,31.425001,-80.924995,15.11,-2.45
2013-02-16 00:00:00+00:00,31.425001,-80.875,15.36,-2.23
2013-02-16 00:00:00+00:00,31.425001,-80.825,15.62,-2.02
2013-02-16 00:00:00+00:00,31.374998,-80.924995,15.23,-2.42
2013-02-16 00:00:00+00:00,31.374998,-80.825,15.74,-2.0
2013-03-15 23:00:00+00:00,31.374998,-80.875,14.79,-2.38
2013-03-15 23:00:00+00:00,31.374998,-80.825,14.95,-2.3
2013-03-15 23:00:00+00:00,31.374998,-80.924995,14.66,-2.47
2013-03-15 23:00:00+00:00,31.425001,-80.825,14.8,-2.38
2013-03-15 23:00:00+00:00,31.425001,-80.875,14.65,-2.47
2013-03-15 23:00:00+00:00,31.425001,-80.924995,14.54,-2.52
2013-04-15 23:00:00+00:00,31.425001,-80.924995,18.04,-1.01
2013-04-15 23:00:00+00:00,31.425001,-80.875,18.0,-1.04
2013-04-15 23:00:00+00:00,31.425001,-80.825,18.01,-1.05
2013-04-15 23:00:00+00:00,31.374998,-80.924995,18.09,-1.0
2013-04-15 23:00:00+00:00,31.374998,-80.875,18.06,-1.03
2013-04-15 23:00:00+00:00,31.374998,-80.825,18.08,-1.03
2013-05-15 23:00:00+00:00,31.374998,-80.825,22.2,-0.51
2013-05-15 23:00:00+00:00,31.374998,-80.875,22.2,-0.53
2013-05-15 23:00:00+00:00,31.374998,-80.924995,22.21,-0.58
2013-05-15 23:00:00+00:00,31.425001,-80.875,22.19,-0.53
2013-05-15 23:00:00+00:00,31.425001,-80.924995,22.2,-0.57
2013-05-15 23:00:00+00:00,31.425001,-80.825,22.19,-0.51
2013-06-15 23:00:00+00:00,31.425001,-80.924995,26.82,0.79
2013-06-15 23:00:00+00:00,31.425001,-80.875,26.73,0.75
2013-06-15 23:00:00+00:00,31.425001,-80.825,26.66,0.72
2013-06-15 23:00:00+00:00,31.374998,-80.924995,26.78,0.75
2013-06-15 23:00:00+00:00,31.374998,-80.875,26.69,0.72
2013-06-15 23:00:00+00:00,31.374998,-80.825,26.62,0.69
2013-07-15 23:00:00+00:00,31.374998,-80.875,27.55,-0.22
2013-07-15 23:00:00+00:00,31.374998,-80.825,27.43,-0.31
2013-07-15 23:00:00+00:00,31.374998,-80.924995,27.69,-0.13
2013-07-15 23:00:00+00:00,31.425001,-80.825,27.53,-0.24
2013-07-15 23:00:00+00:00,31.425001,-80.875,27.65,-0.17
2013-07-15 23:00:00+00:00,31.425001,-80.924995,27.79,-0.07
2013-08-15 23:00:00+00:00,31.425001,-80.924995,28.41,0.21
2013-08-15 23:00:00+00:00,31.425001,-80.875,28.38,0.22
2013-08-15 23:00:00+00:00,31.425001,-80.825,28.36,0.24
2013-08-15 23:00:00+00:00,31.374998,-80.924995,28.38,0.19
2013-08-15 23:00:00+00:00,31.374998,-80.875,28.35,0.21
2013-08-15 23:00:00+00:00,31.374998,-80.825,28.33,0.22
2013-09-15 23:00:00+00:00,31.374998,-80.825,28.01,0.89
2013-09-15 23:00:00+00:00,31.374998,-80.875,28.01,0.91
2013-09-15 23:00:00+00:00,31.374998,-80.924995,28.01,0.91
2013-09-15 23:00:00+00:00,31.425001,-80.825,27.99,0.89
2013-09-15 23:00:00+00:00,31.425001,-80.875,27.99,0.91
2013-09-15 23:00:00+00:00,31.425001,-80.924995,27.98,0.91
2013-10-15 23:00:00+00:00,31.425001,-80.924995,24.53,0.58
2013-10-15 23:00:00+00:00,31.425001,-80.875,24.62,0.61
2013-10-15 23:00:00+00:00,31.425001,-80.825,24.7,0.62
2013-10-15 23:00:00+00:00,31.374998,-80.924995,24.6,0.58
2013-10-15 23:00:00+00:00,31.374998,-80.875,24.69,0.61
2013-10-15 23:00:00+00:00,31.374998,-80.825,24.76,0.62
2013-11-16 00:00:00+00:00,31.374998,-80.924995,19.78,-1.26
2013-11-16 00:00:00+00:00,31.425001,-80.825,20.09,-1.01
2013-11-16 00:00:00+00:00,31.374998,-80.875,19.99,-1.11
2013-11-16 00:00:00+00:00,31.425001,-80.924995,19.66,-1.31
2013-11-16 00:00:00+00:00,31.425001,-80.875,19.87,-1.16
2013-11-16 00:00:00+00:00,31.374998,-80.825,20.21,-0.96
2013-12-16 00:00:00+00:00,31.374998,-80.875,17.0,-2.07
2013-12-16 00:00:00+00:00,31.374998,-80.924995,16.67,-2.35
2013-12-16 00:00:00+00:00,31.374998,-80.825,17.34,-1.77
2013-12-16 00:00:00+00:00,31.425001,-80.875,16.88,-2.1
2013-12-16 00:00:00+00:00,31.425001,-80.825,17.21,-1.83
2013-12-16 00:00:00+00:00,31.425001,-80.924995,16.55,-2.39
2014-01-16 00:00:00+00:00,31.425001,-80.924995,14.52,-3.9
2014-01-16 00:00:00+00:00,31.425001,-80.875,14.82,-3.56
2014-01-16 00:00:00+00:00,31.425001,-80.825,15.14,-3.23
2014-01-16 00:00:00+00:00,31.374998,-80.924995,14.6,-3.86
2014-01-16 00:00:00+00:00,31.374998,-80.875,14.92,-3.5
2014-01-16 00:00:00+00:00,31.374998,-80.825,15.27,-3.15
2014-02-16 00:00:00+00:00,31.374998,-80.924995,12.82,-4.83
2014-02-16 00:00:00+00:00,31.425001,-80.924995,12.72,-4.83
2014-02-16 00:00:00+00:00,31.425001,-80.875,12.96,-4.63
2014-02-16 00:00:00+00:00,31.425001,-80.825,13.26,-4.38
2014-02-16 00:00:00+00:00,31.374998,-80.875,13.08,-4.61
2014-02-16 00:00:00+00:00,31.374998,-80.825,13.42,-4.31
2014-03-15 23:00:00+00:00,31.374998,-80.825,15.03,-2.23
2014-03-15 23:00:00+00:00,31.374998,-80.875,14.69,-2.49
2014-03-15 23:00:00+00:00,31.374998,-80.924995,14.42,-2.71
2014-03-15 23:00:00+00:00,31.425001,-80.924995,14.32,-2.73
2014-03-15 23:00:00+00:00,31.425001,-80.875,14.56,-2.56
2014-03-15 23:00:00+00:00,31.425001,-80.825,14.87,-2.32
2014-04-15 23:00:00+00:00,31.374998,-80.825,18.87,-0.24
2014-04-15 23:00:00+00:00,31.374998,-80.875,18.78,-0.32
2014-04-15 23:00:00+00:00,31.374998,-80.924995,18.73,-0.36
2014-04-15 23:00:00+00:00,31.425001,-80.875,18.77,-0.29
2014-04-15 23:00:00+00:00,31.425001,-80.924995,18.71,-0.34
2014-04-15 23:00:00+00:00,31.425001,-80.825,18.86,-0.21
2014-05-15 23:00:00+00:00,31.374998,-80.825,22.99,0.28
2014-05-15 23:00:00+00:00,31.374998,-80.875,22.94,0.19
2014-05-15 23:00:00+00:00,31.374998,-80.924995,22.91,0.13
2014-05-15 23:00:00+00:00,31.425001,-80.924995,22.9,0.13
2014-05-15 23:00:00+00:00,31.425001,-80.875,22.92,0.19
2014-05-15 23:00:00+00:00,31.425001,-80.825,22.96,0.26
2014-06-15 23:00:00+00:00,31.425001,-80.924995,26.84,0.81
2014-06-15 23:00:00+00:00,31.425001,-80.875,26.75,0.77
2014-06-15 23:00:00+00:00,31.425001,-80.825,26.66,0.72
2014-06-15 23:00:00+00:00,31.374998,-80.924995,26.81,0.78
2014-06-15 23:00:00+00:00,31.374998,-80.875,26.72,0.74
2014-06-15 23:00:00+00:00,31.374998,-80.825,26.63,0.7
2014-07-15 23:00:00+00:00,31.425001,-80.924995,28.96,1.11
2014-07-15 23:00:00+00:00,31.425001,-80.875,28.88,1.05
2014-07-15 23:00:00+00:00,31.425001,-80.825,28.78,1.01
2014-07-15 23:00:00+00:00,31.374998,-80.924995,28.93,1.11
2014-07-15 23:00:00+00:00,31.374998,-80.875,28.83,1.04
2014-07-15 23:00:00+00:00,31.374998,-80.825,28.73,0.98
2014-08-15 23:00:00+00:00,31.374998,-80.825,29.29,1.17
2014-08-15 23:00:00+00:00,31.374998,-80.875,29.34,1.18
2014-08-15 23:00:00+00:00,31.374998,-80.924995,29.37,1.17
2014-08-15 23:00:00+00:00,31.425001,-80.875,29.35,1.17
2014-08-15 23:00:00+00:00,31.425001,-80.924995,29.37,1.16
2014-08-15 23:00:00+00:00,31.425001,-80.825,29.31,1.18
2014-09-15 23:00:00+00:00,31.374998,-80.825,28.4,1.29
2014-09-15 23:00:00+00:00,31.374998,-80.875,28.39,1.29
2014-09-15 23:00:00+00:00,31.374998,-80.924995,28.38,1.29
2014-09-15 23:00:00+00:00,31.425001,-80.924995,28.36,1.3
2014-09-15 23:00:00+00:00,31.425001,-80.875,28.38,1.3
2014-09-15 23:00:00+00:00,31.425001,-80.825,28.39,1.3
2014-10-15 23:00:00+00:00,31.425001,-80.924995,24.91,0.96
2014-10-15 23:00:00+00:00,31.425001,-80.875,25.04,1.02
2014-10-15 23:00:00+00:00,31.425001,-80.825,25.16,1.07
2014-10-15 23:00:00+00:00,31.374998,-80.924995,24.96,0.95
2014-10-15 23:00:00+00:00,31.374998,-80.875,25.09,1.02
2014-10-15 23:00:00+00:00,31.374998,-80.825,25.22,1.07
2014-11-16 00:00:00+00:00,31.425001,-80.924995,19.4,-1.57
2014-11-16 00:00:00+00:00,31.425001,-80.875,19.65,-1.38
2014-11-16 00:00:00+00:00,31.425001,-80.825,19.89,-1.2
2014-11-16 00:00:00+00:00,31.374998,-80.924995,19.51,-1.53
2014-11-16 00:00:00+00:00,31.374998,-80.875,19.77,-1.33
2014-11-16 00:00:00+00:00,31.374998,-80.825,20.01,-1.16
2014-12-16 00:00:00+00:00,31.374998,-80.875,16.69,-2.36
2014-12-16 00:00:00+00:00,31.374998,-80.924995,16.43,-2.6
2014-12-16 00:00:00+00:00,31.374998,-80.825,16.96,-2.14
2014-12-16 00:00:00+00:00,31.425001,-80.875,16.65,-2.34
2014-12-16 00:00:00+00:00,31.425001,-80.924995,16.39,-2.57
2014-12-16 00:00:00+00:00,31.425001,-80.825,16.9,-2.13
2015-01-16 00:00:00+00:00,31.425001,-80.924995,14.54,-3.89
2015-01-16 00:00:00+00:00,31.425001,-80.875,14.75,-3.63
2015-01-16 00:00:00+00:00,31.425001,-80.825,15.0,-3.37
2015-01-16 00:00:00+00:00,31.374998,-80.924995,14.55,-3.91
2015-01-16 00:00:00+00:00,31.374998,-80.875,14.77,-3.65
2015-01-16 00:00:00+00:00,31.374998,-80.825,15.03,-3.39
2015-02-16 00:00:00+00:00,31.374998,-80.825,13.61,-4.13
2015-02-16 00:00:00+00:00,31.374998,-80.875,13.29,-4.4
2015-02-16 00:00:00+00:00,31.374998,-80.924995,13.0,-4.66
2015-02-16 00:00:00+00:00,31.425001,-80.825,13.52,-4.13
2015-02-16 00:00:00+00:00,31.425001,-80.924995,12.95,-4.61
2015-02-16 00:00:00+00:00,31.425001,-80.875,13.22,-4.37
2015-03-15 23:00:00+00:00,31.425001,-80.924995,14.6,-2.46
2015-03-15 23:00:00+00:00,31.425001,-80.875,14.86,-2.26
2015-03-15 23:00:00+00:00,31.425001,-80.825,15.18,-2.01
2015-03-15 23:00:00+00:00,31.374998,-80.924995,14.71,-2.41
2015-03-15 23:00:00+00:00,31.374998,-80.875,15.01,-2.16
2015-03-15 23:00:00+00:00,31.374998,-80.825,15.34,-1.91
2015-04-15 23:00:00+00:00,31.374998,-80.875,19.66,0.56
2015-04-15 23:00:00+00:00,31.374998,-80.924995,19.62,0.52
2015-04-15 23:00:00+00:00,31.374998,-80.825,19.72,0.61
2015-04-15 23:00:00+00:00,31.425001,-80.875,19.57,0.52
2015-04-15 23:00:00+00:00,31.425001,-80.924995,19.54,0.48
2015-04-15 23:00:00+00:00,31.425001,-80.825,19.63,0.56
2015-05-15 23:00:00+00:00,31.374998,-80.825,23.51,0.79
2015-05-15 23:00:00+00:00,31.374998,-80.875,23.53,0.79
2015-05-15 23:00:00+00:00,31.374998,-80.924995,23.55,0.77
2015-05-15 23:00:00+00:00,31.425001,-80.924995,23.54,0.78
2015-05-15 23:00:00+00:00,31.425001,-80.875,23.52,0.79
2015-05-15 23:00:00+00:00,31.425001,-80.825,23.5,0.79
2015-06-15 23:00:00+00:00,31.425001,-80.924995,27.37,1.33
2015-06-15 23:00:00+00:00,31.425001,-80.875,27.29,1.31
2015-06-15 23:00:00+00:00,31.425001,-80.825,27.22,1.29
2015-06-15 23:00:00+00:00,31.374998,-80.924995,27.32,1.3
2015-06-15 23:00:00+00:00,31.374998,-80.875,27.25,1.28
2015-06-15 23:00:00+00:00,31.374998,-80.825,27.19,1.27
2015-07-15 23:00:00+00:00,31.374998,-80.825,27.02,-0.72
2015-07-15 23:00:00+00:00,31.374998,-80.875,27.12,-0.66
2015-07-15 23:00:00+00:00,31.374998,-80.924995,27.25,-0.57
2015-07-15 23:00:00+00:00,31.425001,-80.875,27.21,-0.59
2015-07-15 23:00:00+00:00,31.425001,-80.924995,27.35,-0.5
2015-07-15 23:00:00+00:00,31.425001,-80.825,27.1,-0.66
2015-08-15 23:00:00+00:00,31.425001,-80.924995,28.86,0.66
2015-08-15 23:00:00+00:00,31.425001,-80.875,28.74,0.58
2015-08-15 23:00:00+00:00,31.425001,-80.825,28.62,0.5
2015-08-15 23:00:00+00:00,31.374998,-80.924995,28.81,0.62
2015-08-15 23:00:00+00:00,31.374998,-80.875,28.68,0.52
2015-08-15 23:00:00+00:00,31.374998,-80.825,28.55,0.44
2015-09-15 23:00:00+00:00,31.374998,-80.825,27.71,0.59
2015-09-15 23:00:00+00:00,31.374998,-80.875,27.71,0.61
2015-09-15 23:00:00+00:00,31.374998,-80.924995,27.7,0.62
2015-09-15 23:00:00+00:00,31.425001,-80.825,27.69,0.58
2015-09-15 23:00:00+00:00,31.425001,-80.875,27.68,0.61
2015-09-15 23:00:00+00:00,31.425001,-80.924995,27.67,0.61
2015-10-15 23:00:00+00:00,31.425001,-80.924995,24.07,0.12
2015-10-15 23:00:00+00:00,31.425001,-80.875,24.19,0.17
2015-10-15 23:00:00+00:00,31.425001,-80.825,24.3,0.22
2015-10-15 23:00:00+00:00,31.374998,-80.924995,24.14,0.12
2015-10-15 23:00:00+00:00,31.374998,-80.875,24.26,0.18
2015-10-15 23:00:00+00:00,31.374998,-80.825,24.38,0.24
2015-11-16 00:00:00+00:00,31.374998,-80.825,22.03,0.85
2015-11-16 00:00:00+00:00,31.374998,-80.875,21.86,0.76
2015-11-16 00:00:00+00:00,31.374998,-80.924995,21.7,0.66
2015-11-16 00:00:00+00:00,31.425001,-80.825,21.94,0.84
2015-11-16 00:00:00+00:00,31.425001,-80.875,21.78,0.75
2015-11-16 00:00:00+00:00,31.425001,-80.924995,21.62,0.65
2015-12-16 00:00:00+00:00,31.425001,-80.924995,18.59,-0.36
2015-12-16 00:00:00+00:00,31.425001,-80.875,18.78,-0.21
2015-12-16 00:00:00+00:00,31.425001,-80.825,18.98,-0.07
2015-12-16 00:00:00+00:00,31.374998,-80.924995,18.67,-0.35
2015-12-16 00:00:00+00:00,31.374998,-80.875,18.86,-0.19
2015-12-16 00:00:00+00:00,31.374998,-80.825,19.06,-0.04
2016-01-16 00:00:00+00:00,31.374998,-80.875,16.34,-2.08
2016-01-16 00:00:00+00:00,31.374998,-80.825,16.63,-1.79
2016-01-16 00:00:00+00:00,31.374998,-80.924995,16.07,-2.38
2016-01-16 00:00:00+00:00,31.425001,-80.875,16.28,-2.09
2016-01-16 00:00:00+00:00,31.425001,-80.825,16.57,-1.8
2016-01-16 00:00:00+00:00,31.425001,-80.924995,16.02,-2.39
2016-02-16 00:00:00+00:00,31.425001,-80.924995,13.66,-3.89
2016-02-16 00:00:00+00:00,31.425001,-80.875,13.82,-3.76
2016-02-16 00:00:00+00:00,31.425001,-80.825,14.01,-3.63
2016-02-16 00:00:00+00:00,31.374998,-80.924995,13.73,-3.91
2016-02-16 00:00:00+00:00,31.374998,-80.875,13.89,-3.79
2016-02-16 00:00:00+00:00,31.374998,-80.825,14.07,-3.66
2016-03-15 23:00:00+00:00,31.374998,-80.924995,17.1,-0.02
2016-03-15 23:00:00+00:00,31.374998,-80.825,17.18,-0.07
2016-03-15 23:00:00+00:00,31.374998,-80.875,17.13,-0.04
2016-03-15 23:00:00+00:00,31.425001,-80.825,17.07,-0.11
2016-03-15 23:00:00+00:00,31.425001,-80.875,17.04,-0.07
2016-03-15 23:00:00+00:00,31.425001,-80.924995,17.02,-0.03
2016-04-15 23:00:00+00:00,31.425001,-80.924995,19.92,0.85
2016-04-15 23:00:00+00:00,31.425001,-80.875,19.92,0.87
2016-04-15 23:00:00+00:00,31.425001,-80.825,19.94,0.87
2016-04-15 23:00:00+00:00,31.374998,-80.924995,19.98,0.89
2016-04-15 23:00:00+00:00,31.374998,-80.875,20.0,0.9
2016-04-15 23:00:00+00:00,31.374998,-80.825,20.02,0.91
2016-05-15 23:00:00+00:00,31.374998,-80.875,23.72,0.98
2016-05-15 23:00:00+00:00,31.374998,-80.924995,23.7,0.91
2016-05-15 23:00:00+00:00,31.374998,-80.825,23.76,1.04
2016-05-15 23:00:00+00:00,31.425001,-80.825,23.71,1.02
2016-05-15 23:00:00+00:00,31.425001,-80.924995,23.68,0.91
2016-05-15 23:00:00+00:00,31.425001,-80.875,23.69,0.96
2016-06-15 23:00:00+00:00,31.425001,-80.924995,27.43,1.4
2016-06-15 23:00:00+00:00,31.425001,-80.875,27.33,1.35
2016-06-15 23:00:00+00:00,31.425001,-80.825,27.23,1.3
2016-06-15 23:00:00+00:00,31.374998,-80.924995,27.41,1.38
2016-06-15 23:00:00+00:00,31.374998,-80.875,27.3,1.33
2016-06-15 23:00:00+00:00,31.374998,-80.825,27.21,1.28
2016-07-15 23:00:00+00:00,31.374998,-80.825,29.62,1.88
2016-07-15 23:00:00+00:00,31.374998,-80.875,29.74,1.95
2016-07-15 23:00:00+00:00,31.374998,-80.924995,29.86,2.04
2016-07-15 23:00:00+00:00,31.425001,-80.875,29.78,1.96
2016-07-15 23:00:00+00:00,31.425001,-80.924995,29.9,2.05
2016-07-15 23:00:00+00:00,31.425001,-80.825,29.66,1.9
2016-08-15 23:00:00+00:00,31.425001,-80.924995,29.65,1.45
2016-08-15 23:00:00+00:00,31.425001,-80.875,29.54,1.37
2016-08-15 23:00:00+00:00,31.425001,-80.825,29.4,1.28
2016-08-15 23:00:00+00:00,31.374998,-80.924995,29.58,1.39
2016-08-15 23:00:00+00:00,31.374998,-80.875,29.45,1.3
2016-08-15 23:00:00+00:00,31.374998,-80.825,29.31,1.19
2016-09-15 23:00:00+00:00,31.374998,-80.924995,28.21,1.12
2016-09-15 23:00:00+00:00,31.374998,-80.875,28.2,1.09
2016-09-15 23:00:00+00:00,31.374998,-80.825,28.17,1.05
2016-09-15 23:00:00+00:00,31.425001,-80.825,28.17,1.07
2016-09-15 23:00:00+00:00,31.425001,-80.924995,28.19,1.13
2016-09-15 23:00:00+00:00,31.425001,-80.875,28.19,1.11
2016-10-15 23:00:00+00:00,31.425001,-80.924995,24.73,0.79
2016-10-15 23:00:00+00:00,31.425001,-80.875,24.85,0.84
2016-10-15 23:00:00+00:00,31.425001,-80.825,24.96,0.88
2016-10-15 23:00:00+00:00,31.374998,-80.924995,24.81,0.79
2016-10-15 23:00:00+00:00,31.374998,-80.875,24.93,0.85
2016-10-15 23:00:00+00:00,31.374998,-80.825,25.03,0.89
2016-11-16 00:00:00+00:00,31.374998,-80.825,21.1,-0.07
2016-11-16 00:00:00+00:00,31.374998,-80.875,20.91,-0.19
2016-11-16 00:00:00+00:00,31.374998,-80.924995,20.73,-0.31
2016-11-16 00:00:00+00:00,31.425001,-80.825,21.02,-0.08
2016-11-16 00:00:00+00:00,31.425001,-80.875,20.81,-0.22
2016-11-16 00:00:00+00:00,31.425001,-80.924995,20.62,-0.35
2016-12-16 00:00:00+00:00,31.425001,-80.924995,17.13,-1.83
2016-12-16 00:00:00+00:00,31.425001,-80.875,17.38,-1.61
2016-12-16 00:00:00+00:00,31.425001,-80.825,17.67,-1.37
2016-12-16 00:00:00+00:00,31.374998,-80.924995,17.28,-1.75
2016-12-16 00:00:00+00:00,31.374998,-80.875,17.53,-1.53
2016-12-16 00:00:00+00:00,31.374998,-80.825,17.82,-1.29
2017-01-16 00:00:00+00:00,31.374998,-80.825,16.17,-2.25
2017-01-16 00:00:00+00:00,31.374998,-80.875,15.93,-2.5
2017-01-16 00:00:00+00:00,31.374998,-80.924995,15.71,-2.75
2017-01-16 00:00:00+00:00,31.425001,-80.875,15.78,-2.6
2017-01-16 00:00:00+00:00,31.425001,-80.924995,15.56,-2.86
2017-01-16 00:00:00+00:00,31.425001,-80.825,16.02,-2.34
2017-02-16 00:00:00+00:00,31.425001,-80.924995,16.11,-1.45
2017-02-16 00:00:00+00:00,31.425001,-80.875,16.22,-1.37
2017-02-16 00:00:00+00:00,31.425001,-80.825,16.34,-1.3
2017-02-16 00:00:00+00:00,31.374998,-80.924995,16.21,-1.45
2017-02-16 00:00:00+00:00,31.374998,-80.875,16.32,-1.37
2017-02-16 00:00:00+00:00,31.374998,-80.825,16.45,-1.29
2017-03-15 23:00:00+00:00,31.425001,-80.825,17.07,-0.12
2017-03-15 23:00:00+00:00,31.374998,-80.825,17.16,-0.09
2017-03-15 23:00:00+00:00,31.374998,-80.875,17.06,-0.12
2017-03-15 23:00:00+00:00,31.425001,-80.875,16.99,-0.13
2017-03-15 23:00:00+00:00,31.425001,-80.924995,16.93,-0.13
2017-03-15 23:00:00+00:00,31.374998,-80.924995,16.99,-0.14
2017-04-15 23:00:00+00:00,31.374998,-80.875,20.75,1.65
2017-04-15 23:00:00+00:00,31.425001,-80.924995,20.89,1.83
2017-04-15 23:00:00+00:00,31.425001,-80.875,20.76,1.7
2017-04-15 23:00:00+00:00,31.425001,-80.825,20.67,1.59
2017-04-15 23:00:00+00:00,31.374998,-80.924995,20.86,1.77
2017-04-15 23:00:00+00:00,31.374998,-80.825,20.67,1.56
2017-05-15 23:00:00+00:00,31.374998,-80.875,24.31,1.57
2017-05-15 23:00:00+00:00,31.374998,-80.825,24.26,1.55
2017-05-15 23:00:00+00:00,31.374998,-80.924995,24.37,1.58
2017-05-15 23:00:00+00:00,31.425001,-80.825,24.26,1.56
2017-05-15 23:00:00+00:00,31.425001,-80.875,24.31,1.58
2017-05-15 23:00:00+00:00,31.425001,-80.924995,24.38,1.62
2017-06-15 23:00:00+00:00,31.425001,-80.924995,26.94,0.91
2017-06-15 23:00:00+00:00,31.425001,-80.875,26.85,0.87
2017-06-15 23:00:00+00:00,31.425001,-80.825,26.76,0.83
2017-06-15 23:00:00+00:00,31.374998,-80.924995,26.91,0.89
2017-06-15 23:00:00+00:00,31.374998,-80.875,26.83,0.85
2017-06-15 23:00:00+00:00,31.374998,-80.825,26.73,0.79
2017-07-15 23:00:00+00:00,31.374998,-80.825,27.63,-0.09
2017-07-15 23:00:00+00:00,31.374998,-80.875,27.67,-0.11
2017-07-15 23:00:00+00:00,31.374998,-80.924995,27.74,-0.08
2017-07-15 23:00:00+00:00,31.425001,-80.875,27.76,-0.06
2017-07-15 23:00:00+00:00,31.425001,-80.924995,27.86,0.0
2017-07-15 23:00:00+00:00,31.425001,-80.825,27.7,-0.06
2017-08-15 23:00:00+00:00,31.425001,-80.924995,28.57,0.37
2017-08-15 23:00:00+00:00,31.425001,-80.875,28.51,0.34
2017-08-15 23:00:00+00:00,31.425001,-80.825,28.45,0.33
2017-08-15 23:00:00+00:00,31.374998,-80.924995,28.55,0.36
2017-08-15 23:00:00+00:00,31.374998,-80.875,28.49,0.34
2017-08-15 23:00:00+00:00,31.374998,-80.825,28.43,0.32
2017-09-15 23:00:00+00:00,31.374998,-80.875,27.35,0.24
2017-09-15 23:00:00+00:00,31.374998,-80.825,27.35,0.22
2017-09-15 23:00:00+00:00,31.374998,-80.924995,27.34,0.25
2017-09-15 23:00:00+00:00,31.425001,-80.825,27.33,0.22
2017-09-15 23:00:00+00:00,31.425001,-80.875,27.33,0.25
2017-09-15 23:00:00+00:00,31.425001,-80.924995,27.32,0.26
2017-10-15 23:00:00+00:00,31.425001,-80.924995,25.37,1.42
2017-10-15 23:00:00+00:00,31.425001,-80.875,25.45,1.43
2017-10-15 23:00:00+00:00,31.425001,-80.825,25.52,1.44
2017-10-15 23:00:00+00:00,31.374998,-80.924995,25.4,1.39
2017-10-15 23:00:00+00:00,31.374998,-80.875,25.48,1.41
2017-10-15 23:00:00+00:00,31.374998,-80.825,25.55,1.41
2017-11-16 00:00:00+00:00,31.374998,-80.825,21.08,-0.09
2017-11-16 00:00:00+00:00,31.374998,-80.875,20.89,-0.22
2017-11-16 00:00:00+00:00,31.374998,-80.924995,20.66,-0.38
2017-11-16 00:00:00+00:00,31.425001,-80.825,20.95,-0.14
2017-11-16 00:00:00+00:00,31.425001,-80.875,20.76,-0.26
2017-11-16 00:00:00+00:00,31.425001,-80.924995,20.53,-0.44
2017-12-16 00:00:00+00:00,31.425001,-80.924995,16.22,-2.73
2017-12-16 00:00:00+00:00,31.425001,-80.875,16.51,-2.49
2017-12-16 00:00:00+00:00,31.425001,-80.825,16.81,-2.23
2017-12-16 00:00:00+00:00,31.374998,-80.924995,16.36,-2.66
2017-12-16 00:00:00+00:00,31.374998,-80.875,16.64,-2.41
2017-12-16 00:00:00+00:00,31.374998,-80.825,16.93,-2.18
2018-01-16 00:00:00+00:00,31.374998,-80.875,12.33,-6.1
2018-01-16 00:00:00+00:00,31.374998,-80.924995,11.81,-6.64
2018-01-16 00:00:00+00:00,31.374998,-80.825,12.86,-5.56
2018-01-16 00:00:00+00:00,31.425001,-80.875,12.18,-6.2
2018-01-16 00:00:00+00:00,31.425001,-80.924995,11.66,-6.76
2018-01-16 00:00:00+00:00,31.425001,-80.825,12.7,-5.66
2018-02-16 00:00:00+00:00,31.425001,-80.924995,13.83,-3.73
2018-02-16 00:00:00+00:00,31.425001,-80.875,14.17,-3.41
2018-02-16 00:00:00+00:00,31.425001,-80.825,14.57,-3.08
2018-02-16 00:00:00+00:00,31.374998,-80.924995,13.93,-3.73
2018-02-16 00:00:00+00:00,31.374998,-80.875,14.29,-3.4
2018-02-16 00:00:00+00:00,31.374998,-80.825,14.71,-3.03
2018-03-15 23:00:00+00:00,31.374998,-80.825,16.52,-0.72
2018-03-15 23:00:00+00:00,31.374998,-80.875,16.3,-0.88
2018-03-15 23:00:00+00:00,31.374998,-80.924995,16.1,-1.03
2018-03-15 23:00:00+00:00,31.425001,-80.825,16.39,-0.79
2018-03-15 23:00:00+00:00,31.425001,-80.875,16.19,-0.93
2018-03-15 23:00:00+00:00,31.425001,-80.924995,16.01,-1.04
2018-04-15 23:00:00+00:00,31.425001,-80.924995,18.02,-1.03
2018-04-15 23:00:00+00:00,31.425001,-80.875,17.98,-1.06
2018-04-15 23:00:00+00:00,31.425001,-80.825,17.96,-1.1
2018-04-15 23:00:00+00:00,31.374998,-80.924995,18.07,-1.02
2018-04-15 23:00:00+00:00,31.374998,-80.875,18.03,-1.06
2018-04-15 23:00:00+00:00,31.374998,-80.825,18.01,-1.1
2018-05-15 23:00:00+00:00,31.374998,-80.825,22.98,0.28
2018-05-15 23:00:00+00:00,31.374998,-80.875,23.11,0.37
2018-05-15 23:00:00+00:00,31.374998,-80.924995,23.24,0.45
2018-05-15 23:00:00+00:00,31.425001,-80.825,23.01,0.32
2018-05-15 23:00:00+00:00,31.425001,-80.875,23.15,0.42
2018-05-15 23:00:00+00:00,31.425001,-80.924995,23.29,0.52
2018-06-15 23:00:00+00:00,31.425001,-80.924995,27.52,1.49
2018-06-15 23:00:00+00:00,31.425001,-80.875,27.42,1.44
2018-06-15 23:00:00+00:00,31.425001,-80.825,27.34,1.41
2018-06-15 23:00:00+00:00,31.374998,-80.924995,27.43,1.41
2018-06-15 23:00:00+00:00,31.374998,-80.875,27.34,1.37
2018-06-15 23:00:00+00:00,31.374998,-80.825,27.26,1.33
2018-07-15 23:00:00+00:00,31.374998,-80.825,28.81,1.07
2018-07-15 23:00:00+00:00,31.374998,-80.875,28.9,1.12
2018-07-15 23:00:00+00:00,31.374998,-80.924995,29.01,1.18
2018-07-15 23:00:00+00:00,31.425001,-80.825,28.87,1.11
2018-07-15 23:00:00+00:00,31.425001,-80.875,28.97,1.16
2018-07-15 23:00:00+00:00,31.425001,-80.924995,29.08,1.23
2018-08-15 23:00:00+00:00,31.425001,-80.924995,28.23,0.03
2018-08-15 23:00:00+00:00,31.425001,-80.875,28.13,-0.03
2018-08-15 23:00:00+00:00,31.425001,-80.825,28.06,-0.06
2018-08-15 23:00:00+00:00,31.374998,-80.924995,28.12,-0.06
2018-08-15 23:00:00+00:00,31.374998,-80.875,28.04,-0.11
2018-08-15 23:00:00+00:00,31.374998,-80.825,27.98,-0.13
2018-09-15 23:00:00+00:00,31.374998,-80.875,28.79,1.69
2018-09-15 23:00:00+00:00,31.374998,-80.924995,28.86,1.77
2018-09-15 23:00:00+00:00,31.374998,-80.825,28.73,1.61
2018-09-15 23:00:00+00:00,31.425001,-80.875,28.8,1.71
2018-09-15 23:00:00+00:00,31.425001,-80.924995,28.87,1.81
2018-09-15 23:00:00+00:00,31.425001,-80.825,28.74,1.64
2018-10-15 23:00:00+00:00,31.425001,-80.924995,26.79,2.84
2018-10-15 23:00:00+00:00,31.425001,-80.875,26.87,2.85
2018-10-15 23:00:00+00:00,31.425001,-80.825,26.93,2.85
2018-10-15 23:00:00+00:00,31.374998,-80.924995,26.85,2.84
2018-10-15 23:00:00+00:00,31.374998,-80.875,26.93,2.85
2018-10-15 23:00:00+00:00,31.374998,-80.825,26.98,2.84
2018-11-16 00:00:00+00:00,31.374998,-80.825,21.38,0.21
2018-11-16 00:00:00+00:00,31.374998,-80.875,21.17,0.07
2018-11-16 00:00:00+00:00,31.374998,-80.924995,20.95,-0.09
2018-11-16 00:00:00+00:00,31.425001,-80.825,21.27,0.17
2018-11-16 00:00:00+00:00,31.425001,-80.875,21.05,0.02
2018-11-16 00:00:00+00:00,31.425001,-80.924995,20.82,-0.14
2018-12-16 00:00:00+00:00,31.425001,-80.924995,15.5,-3.46
2018-12-16 00:00:00+00:00,31.425001,-80.875,15.83,-3.16
2018-12-16 00:00:00+00:00,31.425001,-80.825,16.14,-2.9
2018-12-16 00:00:00+00:00,31.374998,-80.924995,15.65,-3.37
2018-12-16 00:00:00+00:00,31.374998,-80.875,15.98,-3.08
2018-12-16 00:00:00+00:00,31.374998,-80.825,16.29,-2.82
2019-01-16 00:00:00+00:00,31.374998,-80.875,14.73,-3.69
2019-01-16 00:00:00+00:00,31.374998,-80.924995,14.57,-3.89
2019-01-16 00:00:00+00:00,31.374998,-80.825,14.89,-3.53
2019-01-16 00:00:00+00:00,31.425001,-80.875,14.63,-3.74
2019-01-16 00:00:00+00:00,31.425001,-80.924995,14.47,-3.94
2019-01-16 00:00:00+00:00,31.425001,-80.825,14.79,-3.57
2019-02-16 00:00:00+00:00,31.425001,-80.924995,14.25,-3.3
2019-02-16 00:00:00+00:00,31.425001,-80.875,14.43,-3.16
2019-02-16 00:00:00+00:00,31.425001,-80.825,14.64,-3.01
2019-02-16 00:00:00+00:00,31.374998,-80.924995,14.34,-3.32
2019-02-16 00:00:00+00:00,31.374998,-80.875,14.52,-3.16
2019-02-16 00:00:00+00:00,31.374998,-80.825,14.72,-3.03
2019-03-15 23:00:00+00:00,31.374998,-80.875,16.92,-0.26
2019-03-15 23:00:00+00:00,31.374998,-80.924995,16.73,-0.39
2019-03-15 23:00:00+00:00,31.374998,-80.825,17.16,-0.09
2019-03-15 23:00:00+00:00,31.425001,-80.875,16.82,-0.29
2019-03-15 23:00:00+00:00,31.425001,-80.924995,16.64,-0.41
2019-03-15 23:00:00+00:00,31.425001,-80.825,17.04,-0.14
2019-04-15 23:00:00+00:00,31.374998,-80.875,19.58,0.48
2019-04-15 23:00:00+00:00,31.374998,-80.924995,19.55,0.45
2019-04-15 23:00:00+00:00,31.374998,-80.825,19.62,0.5
2019-04-15 23:00:00+00:00,31.425001,-80.875,19.54,0.48
2019-04-15 23:00:00+00:00,31.425001,-80.924995,19.51,0.45
2019-04-15 23:00:00+00:00,31.425001,-80.825,19.56,0.5
2019-05-15 23:00:00+00:00,31.425001,-80.924995,24.8,2.03
2019-05-15 23:00:00+00:00,31.425001,-80.875,24.7,1.96
2019-05-15 23:00:00+00:00,31.425001,-80.825,24.64,1.95
2019-05-15 23:00:00+00:00,31.374998,-80.924995,24.74,1.95
2019-05-15 23:00:00+00:00,31.374998,-80.875,24.67,1.93
2019-05-15 23:00:00+00:00,31.374998,-80.825,24.63,1.92
2019-06-15 23:00:00+00:00,31.374998,-80.825,27.7,1.77
2019-06-15 23:00:00+00:00,31.374998,-80.924995,27.89,1.87
2019-06-15 23:00:00+00:00,31.374998,-80.875,27.8,1.82
2019-06-15 23:00:00+00:00,31.425001,-80.875,27.84,1.86
2019-06-15 23:00:00+00:00,31.425001,-80.924995,27.94,1.91
2019-06-15 23:00:00+00:00,31.425001,-80.825,27.74,1.81
2019-07-15 23:00:00+00:00,31.425001,-80.924995,28.93,1.07
2019-07-15 23:00:00+00:00,31.425001,-80.875,28.82,1.01
2019-07-15 23:00:00+00:00,31.425001,-80.825,28.72,0.96
2019-07-15 23:00:00+00:00,31.374998,-80.924995,28.83,1.01
2019-07-15 23:00:00+00:00,31.374998,-80.875,28.73,0.95
2019-07-15 23:00:00+00:00,31.374998,-80.825,28.63,0.9
2019-08-15 23:00:00+00:00,31.374998,-80.825,28.42,0.31
2019-08-15 23:00:00+00:00,31.374998,-80.875,28.48,0.34
2019-08-15 23:00:00+00:00,31.374998,-80.924995,28.57,0.38
2019-08-15 23:00:00+00:00,31.425001,-80.825,28.49,0.37
2019-08-15 23:00:00+00:00,31.425001,-80.875,28.57,0.39
2019-08-15 23:00:00+00:00,31.425001,-80.924995,28.66,0.45
2019-09-15 23:00:00+00:00,31.425001,-80.924995,27.98,0.91
2019-09-15 23:00:00+00:00,31.425001,-80.875,27.96,0.88
2019-09-15 23:00:00+00:00,31.425001,-80.825,27.94,0.84
2019-09-15 23:00:00+00:00,31.374998,-80.924995,27.99,0.9
2019-09-15 23:00:00+00:00,31.374998,-80.875,27.97,0.85
2019-09-15 23:00:00+00:00,31.374998,-80.825,27.95,0.83
2019-10-15 23:00:00+00:00,31.374998,-80.825,26.12,1.97
2019-10-15 23:00:00+00:00,31.374998,-80.875,26.05,1.97
2019-10-15 23:00:00+00:00,31.374998,-80.924995,25.98,1.96
2019-10-15 23:00:00+00:00,31.425001,-80.825,26.06,1.97
2019-10-15 23:00:00+00:00,31.425001,-80.875,25.99,1.97
2019-10-15 23:00:00+00:00,31.425001,-80.924995,25.92,1.96
2019-11-16 00:00:00+00:00,31.425001,-80.924995,20.5,-0.47
2019-11-16 00:00:00+00:00,31.425001,-80.875,20.71,-0.32
2019-11-16 00:00:00+00:00,31.425001,-80.825,20.91,-0.19
2019-11-16 00:00:00+00:00,31.374998,-80.924995,20.64,-0.39
2019-11-16 00:00:00+00:00,31.374998,-80.875,20.85,-0.25
2019-11-16 00:00:00+00:00,31.374998,-80.825,21.05,-0.13
2019-12-16 00:00:00+00:00,31.374998,-80.825,16.96,-2.14
2019-12-16 00:00:00+00:00,31.374998,-80.875,16.64,-2.41
2019-12-16 00:00:00+00:00,31.374998,-80.924995,16.31,-2.72
2019-12-16 00:00:00+00:00,31.425001,-80.875,16.48,-2.51
2019-12-16 00:00:00+00:00,31.425001,-80.924995,16.15,-2.81
2019-12-16 00:00:00+00:00,31.425001,-80.825,16.8,-2.24
2020-01-16 00:00:00+00:00,31.425001,-80.924995,15.06,-3.36
2020-01-16 00:00:00+00:00,31.425001,-80.875,15.29,-3.09
2020-01-16 00:00:00+00:00,31.425001,-80.825,15.54,-2.83
2020-01-16 00:00:00+00:00,31.374998,-80.924995,15.16,-3.3
2020-01-16 00:00:00+00:00,31.374998,-80.875,15.39,-3.04
2020-01-16 00:00:00+00:00,31.374998,-80.825,15.64,-2.78
2020-02-16 00:00:00+00:00,31.374998,-80.875,14.56,-3.12
2020-02-16 00:00:00+00:00,31.374998,-80.825,14.82,-2.91
2020-02-16 00:00:00+00:00,31.374998,-80.924995,14.34,-3.31
2020-02-16 00:00:00+00:00,31.425001,-80.825,14.66,-2.97
2020-02-16 00:00:00+00:00,31.425001,-80.875,14.42,-3.16
2020-02-16 00:00:00+00:00,31.425001,-80.924995,14.22,-3.33
2020-03-15 23:00:00+00:00,31.425001,-80.924995,17.07,0.02
2020-03-15 23:00:00+00:00,31.425001,-80.875,17.07,-0.04
2020-03-15 23:00:00+00:00,31.425001,-80.825,17.1,-0.09
2020-03-15 23:00:00+00:00,31.374998,-80.924995,17.21,0.09
2020-03-15 23:00:00+00:00,31.374998,-80.875,17.22,0.04
2020-03-15 23:00:00+00:00,31.374998,-80.825,17.27,0.02
2020-04-15 23:00:00+00:00,31.374998,-80.825,20.67,1.56
2020-04-15 23:00:00+00:00,31.374998,-80.875,20.63,1.53
2020-04-15 23:00:00+00:00,31.374998,-80.924995,20.59,1.5
2020-04-15 23:00:00+00:00,31.425001,-80.875,20.6,1.55
2020-04-15 23:00:00+00:00,31.425001,-80.924995,20.57,1.52
2020-04-15 23:00:00+00:00,31.425001,-80.825,20.64,1.58
2020-05-15 23:00:00+00:00,31.425001,-80.924995,23.37,0.59
2020-05-15 23:00:00+00:00,31.425001,-80.875,23.37,0.64
2020-05-15 23:00:00+00:00,31.425001,-80.825,23.37,0.66
2020-05-15 23:00:00+00:00,31.374998,-80.924995,23.4,0.62
2020-05-15 23:00:00+00:00,31.374998,-80.875,23.4,0.66
2020-05-15 23:00:00+00:00,31.374998,-80.825,23.39,0.68
2020-06-15 23:00:00+00:00,31.374998,-80.875,26.55,0.58
2020-06-15 23:00:00+00:00,31.374998,-80.825,26.5,0.58
2020-06-15 23:00:00+00:00,31.374998,-80.924995,26.6,0.58
2020-06-15 23:00:00+00:00,31.425001,-80.825,26.52,0.58
2020-06-15 23:00:00+00:00,31.425001,-80.875,26.57,0.58
2020-06-15 23:00:00+00:00,31.425001,-80.924995,26.62,0.58
2020-07-15 23:00:00+00:00,31.425001,-80.924995,29.09,1.24
2020-07-15 23:00:00+00:00,31.425001,-80.875,29.03,1.22
2020-07-15 23:00:00+00:00,31.425001,-80.825,28.98,1.22
2020-07-15 23:00:00+00:00,31.374998,-80.924995,29.06,1.23
2020-07-15 23:00:00+00:00,31.374998,-80.875,29.0,1.22
2020-07-15 23:00:00+00:00,31.374998,-80.825,28.95,1.2
2020-08-15 23:00:00+00:00,31.374998,-80.825,29.17,1.06
2020-08-15 23:00:00+00:00,31.374998,-80.875,29.25,1.1
2020-08-15 23:00:00+00:00,31.374998,-80.924995,29.32,1.14
2020-08-15 23:00:00+00:00,31.425001,-80.825,29.21,1.09
2020-08-15 23:00:00+00:00,31.425001,-80.875,29.29,1.12
2020-08-15 23:00:00+00:00,31.425001,-80.924995,29.37,1.16
2020-09-15 23:00:00+00:00,31.425001,-80.924995,28.23,1.17
2020-09-15 23:00:00+00:00,31.425001,-80.875,28.26,1.17
2020-09-15 23:00:00+00:00,31.425001,-80.825,28.27,1.16
2020-09-15 23:00:00+00:00,31.374998,-80.924995,28.26,1.17
2020-09-15 23:00:00+00:00,31.374998,-80.875,28.29,1.17
2020-09-15 23:00:00+00:00,31.374998,-80.825,28.29,1.17
2020-10-15 23:00:00+00:00,31.374998,-80.875,25.19,1.12
2020-10-15 23:00:00+00:00,31.374998,-80.924995,25.1,1.07
2020-10-15 23:00:00+00:00,31.374998,-80.825,25.29,1.15
2020-10-15 23:00:00+00:00,31.425001,-80.875,25.12,1.1
2020-10-15 23:00:00+00:00,31.425001,-80.924995,25.02,1.06
2020-10-15 23:00:00+00:00,31.425001,-80.825,25.21,1.13
2020-11-16 00:00:00+00:00,31.425001,-80.924995,22.07,1.1
2020-11-16 00:00:00+00:00,31.425001,-80.875,22.24,1.2
2020-11-16 00:00:00+00:00,31.425001,-80.825,22.42,1.32
2020-11-16 00:00:00+00:00,31.374998,-80.924995,22.18,1.13
2020-11-16 00:00:00+00:00,31.374998,-80.875,22.34,1.24
2020-11-16 00:00:00+00:00,31.374998,-80.825,22.51,1.33
2020-12-16 00:00:00+00:00,31.374998,-80.825,17.19,-1.92
2020-12-16 00:00:00+00:00,31.374998,-80.875,16.89,-2.16
2020-12-16 00:00:00+00:00,31.374998,-80.924995,16.61,-2.41
2020-12-16 00:00:00+00:00,31.425001,-80.825,17.03,-2.01
2020-12-16 00:00:00+00:00,31.425001,-80.875,16.72,-2.27
2020-12-16 00:00:00+00:00,31.425001,-80.924995,16.45,-2.51
2021-01-16 00:00:00+00:00,31.425001,-80.924995,13.68,-4.73
2021-01-16 00:00:00+00:00,31.425001,-80.875,13.89,-4.48
2021-01-16 00:00:00+00:00,31.425001,-80.825,14.16,-4.21
2021-01-16 00:00:00+00:00,31.374998,-80.924995,13.76,-4.69
2021-01-16 00:00:00+00:00,31.374998,-80.875,13.97,-4.44
2021-01-16 00:00:00+00:00,31.374998,-80.825,14.24,-4.17
2021-02-16 00:00:00+00:00,31.374998,-80.825,13.44,-4.31
2021-02-16 00:00:00+00:00,31.374998,-80.875,13.27,-4.42
2021-02-16 00:00:00+00:00,31.374998,-80.924995,13.13,-4.52
2021-02-16 00:00:00+00:00,31.425001,-80.825,13.32,-4.33
2021-02-16 00:00:00+00:00,31.425001,-80.875,13.16,-4.42
2021-02-16 00:00:00+00:00,31.425001,-80.924995,13.03,-4.52
2021-03-15 23:00:00+00:00,31.425001,-80.924995,15.54,-1.52
2021-03-15 23:00:00+00:00,31.425001,-80.875,15.55,-1.57
2021-03-15 23:00:00+00:00,31.425001,-80.825,15.6,-1.58
2021-03-15 23:00:00+00:00,31.374998,-80.924995,15.6,-1.53
2021-03-15 23:00:00+00:00,31.374998,-80.875,15.63,-1.55
2021-03-15 23:00:00+00:00,31.374998,-80.825,15.69,-1.56
2021-04-15 23:00:00+00:00,31.374998,-80.825,19.03,-0.08
2021-04-15 23:00:00+00:00,31.374998,-80.875,18.98,-0.12
2021-04-15 23:00:00+00:00,31.374998,-80.924995,18.96,-0.13
2021-04-15 23:00:00+00:00,31.425001,-80.825,18.99,-0.07
2021-04-15 23:00:00+00:00,31.425001,-80.875,18.96,-0.09
2021-04-15 23:00:00+00:00,31.425001,-80.924995,18.94,-0.11
2021-05-15 23:00:00+00:00,31.425001,-80.924995,22.94,0.17
2021-05-15 23:00:00+00:00,31.425001,-80.875,22.89,0.16
2021-05-15 23:00:00+00:00,31.425001,-80.825,22.85,0.14
2021-05-15 23:00:00+00:00,31.374998,-80.924995,22.93,0.14
2021-05-15 23:00:00+00:00,31.374998,-80.875,22.89,0.14
2021-05-15 23:00:00+00:00,31.374998,-80.825,22.85,0.14
2021-06-15 23:00:00+00:00,31.374998,-80.875,26.06,0.09
2021-06-15 23:00:00+00:00,31.374998,-80.924995,26.14,0.12
2021-06-15 23:00:00+00:00,31.374998,-80.825,26.01,0.08
2021-06-15 23:00:00+00:00,31.425001,-80.875,26.11,0.13
2021-06-15 23:00:00+00:00,31.425001,-80.924995,26.21,0.18
2021-06-15 23:00:00+00:00,31.425001,-80.825,26.04,0.11
2021-07-15 23:00:00+00:00,31.425001,-80.924995,27.95,0.09
2021-07-15 23:00:00+00:00,31.425001,-80.875,27.86,0.04
2021-07-15 23:00:00+00:00,31.425001,-80.825,27.78,0.02
2021-07-15 23:00:00+00:00,31.374998,-80.924995,27.9,0.08
2021-07-15 23:00:00+00:00,31.374998,-80.875,27.82,0.04
2021-07-15 23:00:00+00:00,31.374998,-80.825,27.75,0.02
2021-08-15 23:00:00+00:00,31.374998,-80.825,28.9,0.79
2021-08-15 23:00:00+00:00,31.374998,-80.875,28.96,0.81
2021-08-15 23:00:00+00:00,31.374998,-80.924995,29.01,0.83
2021-08-15 23:00:00+00:00,31.425001,-80.825,28.95,0.83
2021-08-15 23:00:00+00:00,31.425001,-80.875,29.01,0.84
2021-08-15 23:00:00+00:00,31.425001,-80.924995,29.06,0.85
2021-09-16 00:00:00+00:00,31.425001,-80.924995,27.97,0.91
2021-09-16 00:00:00+00:00,31.425001,-80.875,27.94,0.85
2021-09-16 00:00:00+00:00,31.425001,-80.825,27.9,0.81
2021-09-16 00:00:00+00:00,31.374998,-80.924995,27.95,0.87
2021-09-16 00:00:00+00:00,31.374998,-80.875,27.92,0.81
2021-09-16 00:00:00+00:00,31.374998,-80.825,27.87,0.76
2021-10-16 00:00:00+00:00,31.374998,-80.875,25.99,1.92
2021-10-16 00:00:00+00:00,31.374998,-80.924995,25.92,1.91
2021-10-16 00:00:00+00:00,31.374998,-80.825,26.06,1.92
2021-10-16 00:00:00+00:00,31.425001,-80.875,25.95,1.93
2021-10-16 00:00:00+00:00,31.425001,-80.924995,25.87,1.93
2021-10-16 00:00:00+00:00,31.425001,-80.825,26.03,1.94
2021-11-16 00:00:00+00:00,31.425001,-80.924995,19.49,-1.48
2021-11-16 00:00:00+00:00,31.425001,-80.875,19.77,-1.26
2021-11-16 00:00:00+00:00,31.425001,-80.825,20.04,-1.05
2021-11-16 00:00:00+00:00,31.374998,-80.924995,19.67,-1.38
2021-11-16 00:00:00+00:00,31.374998,-80.875,19.95,-1.16
2021-11-16 00:00:00+00:00,31.374998,-80.825,20.21,-0.97
2021-12-16 00:00:00+00:00,31.374998,-80.875,17.56,-1.5
2021-12-16 00:00:00+00:00,31.374998,-80.924995,17.28,-1.75
2021-12-16 00:00:00+00:00,31.374998,-80.825,17.85,-1.26
2021-12-16 00:00:00+00:00,31.425001,-80.875,17.46,-1.53
2021-12-16 00:00:00+00:00,31.425001,-80.924995,17.16,-1.8
2021-12-16 00:00:00+00:00,31.425001,-80.825,17.77,-1.27
2022-01-16 00:00:00+00:00,31.374998,-80.875,15.69,-2.73
2022-01-16 00:00:00+00:00,31.374998,-80.924995,15.48,-2.98
2022-01-16 00:00:00+00:00,31.374998,-80.825,15.9,-2.52
2022-01-16 00:00:00+00:00,31.425001,-80.875,15.54,-2.84
2022-01-16 00:00:00+00:00,31.425001,-80.924995,15.32,-3.1
2022-01-16 00:00:00+00:00,31.425001,-80.825,15.76,-2.61
2022-02-16 00:00:00+00:00,31.425001,-80.924995,13.32,-4.23
2022-02-16 00:00:00+00:00,31.425001,-80.875,13.57,-4.02
2022-02-16 00:00:00+00:00,31.425001,-80.825,13.92,-3.73
2022-02-16 00:00:00+00:00,31.374998,-80.924995,13.42,-4.23
2022-02-16 00:00:00+00:00,31.374998,-80.875,13.67,-4.02
2022-02-16 00:00:00+00:00,31.374998,-80.825,14.02,-3.73
2022-03-16 00:00:00+00:00,31.374998,-80.825,16.96,-0.3
2022-03-16 00:00:00+00:00,31.374998,-80.924995,16.74,-0.39
2022-03-16 00:00:00+00:00,31.374998,-80.875,16.82,-0.36
2022-03-16 00:00:00+00:00,31.425001,-80.875,16.73,-0.39
2022-03-16 00:00:00+00:00,31.425001,-80.924995,16.67,-0.38
2022-03-16 00:00:00+00:00,31.425001,-80.825,16.84,-0.35
2022-04-16 00:00:00+00:00,31.425001,-80.924995,20.38,1.33
2022-04-16 00:00:00+00:00,31.425001,-80.875,20.35,1.3
2022-04-16 00:00:00+00:00,31.425001,-80.825,20.34,1.28
2022-04-16 00:00:00+00:00,31.374998,-80.924995,20.4,1.31
2022-04-16 00:00:00+00:00,31.374998,-80.875,20.38,1.28
2022-04-16 00:00:00+00:00,31.374998,-80.825,20.38,1.26
2022-05-16 00:00:00+00:00,31.374998,-80.825,23.93,1.23
2022-05-16 00:00:00+00:00,31.374998,-80.875,23.97,1.23
2022-05-16 00:00:00+00:00,31.374998,-80.924995,24.01,1.23
2022-05-16 00:00:00+00:00,31.425001,-80.825,23.95,1.25
2022-05-16 00:00:00+00:00,31.425001,-80.875,23.98,1.25
2022-05-16 00:00:00+00:00,31.425001,-80.924995,24.02,1.25
2022-06-16 00:00:00+00:00,31.425001,-80.924995,27.87,1.84
2022-06-16 00:00:00+00:00,31.425001,-80.875,27.69,1.72
2022-06-16 00:00:00+00:00,31.425001,-80.825,27.53,1.6
2022-06-16 00:00:00+00:00,31.374998,-80.924995,27.8,1.78
2022-06-16 00:00:00+00:00,31.374998,-80.875,27.63,1.66
2022-06-16 00:00:00+00:00,31.374998,-80.825,27.48,1.55
2022-07-16 00:00:00+00:00,31.374998,-80.825,29.12,1.38
2022-07-16 00:00:00+00:00,31.374998,-80.875,29.22,1.44
2022-07-16 00:00:00+00:00,31.374998,-80.924995,29.31,1.49
2022-07-16 00:00:00+00:00,31.425001,-80.825,29.16,1.39
2022-07-16 00:00:00+00:00,31.425001,-80.875,29.26,1.45
2022-07-16 00:00:00+00:00,31.425001,-80.924995,29.35,1.5
2022-08-16 00:00:00+00:00,31.425001,-80.924995,29.02,0.82
2022-08-16 00:00:00+00:00,31.425001,-80.875,28.9,0.73
2022-08-16 00:00:00+00:00,31.425001,-80.825,28.77,0.65
2022-08-16 00:00:00+00:00,31.374998,-80.924995,28.96,0.78
2022-08-16 00:00:00+00:00,31.374998,-80.875,28.84,0.7
2022-08-16 00:00:00+00:00,31.374998,-80.825,28.73,0.63
2022-09-16 00:00:00+00:00,31.374998,-80.825,28.4,1.29
2022-09-16 00:00:00+00:00,31.374998,-80.875,28.41,1.3
2022-09-16 00:00:00+00:00,31.374998,-80.924995,28.41,1.32
2022-09-16 00:00:00+00:00,31.425001,-80.825,28.38,1.29
2022-09-16 00:00:00+00:00,31.425001,-80.875,28.39,1.31
2022-09-16 00:00:00+00:00,31.425001,-80.924995,28.38,1.33
2022-10-16 00:00:00+00:00,31.425001,-80.924995,23.23,-0.71
2022-10-16 00:00:00+00:00,31.425001,-80.875,23.42,-0.59
2022-10-16 00:00:00+00:00,31.425001,-80.825,23.61,-0.48
2022-10-16 00:00:00+00:00,31.374998,-80.924995,23.35,-0.66
2022-10-16 00:00:00+00:00,31.374998,-80.875,23.54,-0.54
2022-10-16 00:00:00+00:00,31.374998,-80.825,23.71,-0.42
2022-11-16 00:00:00+00:00,31.374998,-80.875,21.05,-0.05
2022-11-16 00:00:00+00:00,31.374998,-80.924995,20.81,-0.23
2022-11-16 00:00:00+00:00,31.374998,-80.825,21.29,0.11
2022-11-16 00:00:00+00:00,31.425001,-80.875,20.92,-0.11
2022-11-16 00:00:00+00:00,31.425001,-80.924995,20.68,-0.3
2022-11-16 00:00:00+00:00,31.425001,-80.825,21.17,0.07
2022-12-16 00:00:00+00:00,31.425001,-80.924995,16.9,-2.06
2022-12-16 00:00:00+00:00,31.425001,-80.875,17.3,-1.69
2022-12-16 00:00:00+00:00,31.425001,-80.825,17.7,-1.35
2022-12-16 00:00:00+00:00,31.374998,-80.924995,17.07,-1.96
2022-12-16 00:00:00+00:00,31.374998,-80.875,17.45,-1.61
2022-12-16 00:00:00+00:00,31.374998,-80.825,17.82,-1.3
2023-01-16 00:00:00+00:00,31.374998,-80.825,14.49,-3.92
2023-01-16 00:00:00+00:00,31.374998,-80.875,14.17,-4.26
2023-01-16 00:00:00+00:00,31.374998,-80.924995,13.85,-4.61
2023-01-16 00:00:00+00:00,31.425001,-80.825,14.4,-3.97
2023-01-16 00:00:00+00:00,31.425001,-80.875,14.06,-4.31
2023-01-16 00:00:00+00:00,31.425001,-80.924995,13.74,-4.68
2023-02-16 00:00:00+00:00,31.425001,-80.924995,14.98,-2.58
2023-02-16 00:00:00+00:00,31.425001,-80.875,15.14,-2.45
2023-02-16 00:00:00+00:00,31.425001,-80.825,15.34,-2.31
2023-02-16 00:00:00+00:00,31.374998,-80.924995,15.08,-2.58
2023-02-16 00:00:00+00:00,31.374998,-80.875,15.26,-2.43
2023-02-16 00:00:00+00:00,31.374998,-80.825,15.5,-2.24
2023-03-16 00:00:00+00:00,31.374998,-80.875,18.45,1.27
2023-03-16 00:00:00+00:00,31.374998,-80.924995,18.42,1.3
2023-03-16 00:00:00+00:00,31.374998,-80.825,18.46,1.21
2023-03-16 00:00:00+00:00,31.425001,-80.875,18.34,1.22
2023-03-16 00:00:00+00:00,31.425001,-80.924995,18.31,1.26
2023-03-16 00:00:00+00:00,31.425001,-80.825,18.35,1.16
2023-04-16 00:00:00+00:00,31.425001,-80.924995,20.5,1.45
2023-04-16 00:00:00+00:00,31.425001,-80.875,20.46,1.4
2023-04-16 00:00:00+00:00,31.425001,-80.825,20.42,1.35
2023-04-16 00:00:00+00:00,31.374998,-80.924995,20.57,1.48
2023-04-16 00:00:00+00:00,31.374998,-80.875,20.52,1.42
2023-04-16 00:00:00+00:00,31.374998,-80.825,20.47,1.36
2023-05-16 00:00:00+00:00,31.374998,-80.875,22.88,0.14
2023-05-16 00:00:00+00:00,31.374998,-80.924995,22.95,0.17
2023-05-16 00:00:00+00:00,31.374998,-80.825,22.83,0.12
2023-05-16 00:00:00+00:00,31.425001,-80.875,22.88,0.15
2023-05-16 00:00:00+00:00,31.425001,-80.924995,22.95,0.18
2023-05-16 00:00:00+00:00,31.425001,-80.825,22.82,0.13
2023-06-16 00:00:00+00:00,31.374998,-80.875,24.95,-1.02
2023-06-16 00:00:00+00:00,31.374998,-80.924995,24.95,-1.07
2023-06-16 00:00:00+00:00,31.374998,-80.825,24.96,-0.96
2023-06-16 00:00:00+00:00,31.425001,-80.875,24.94,-1.04
2023-06-16 00:00:00+00:00,31.425001,-80.924995,24.95,-1.07
2023-06-16 00:00:00+00:00,31.425001,-80.825,24.95,-0.98
2023-07-16 00:00:00+00:00,31.425001,-80.924995,28.93,1.08
2023-07-16 00:00:00+00:00,31.425001,-80.875,28.86,1.05
2023-07-16 00:00:00+00:00,31.425001,-80.825,28.78,1.02
2023-07-16 00:00:00+00:00,31.374998,-80.924995,28.86,1.03
2023-07-16 00:00:00+00:00,31.374998,-80.875,28.78,1.0
2023-07-16 00:00:00+00:00,31.374998,-80.825,28.71,0.97
2023-08-16 00:00:00+00:00,31.374998,-80.825,29.53,1.42
2023-08-16 00:00:00+00:00,31.374998,-80.875,29.59,1.45
2023-08-16 00:00:00+00:00,31.374998,-80.924995,29.67,1.48
2023-08-16 00:00:00+00:00,31.425001,-80.875,29.66,1.49
2023-08-16 00:00:00+00:00,31.425001,-80.924995,29.74,1.54
2023-08-16 00:00:00+00:00,31.425001,-80.825,29.58,1.46
2023-09-16 00:00:00+00:00,31.425001,-80.924995,28.12,1.06
2023-09-16 00:00:00+00:00,31.425001,-80.875,28.15,1.07
2023-09-16 00:00:00+00:00,31.425001,-80.825,28.17,1.08
2023-09-16 00:00:00+00:00,31.374998,-80.924995,28.13,1.04
2023-09-16 00:00:00+00:00,31.374998,-80.875,28.15,1.05
2023-09-16 00:00:00+00:00,31.374998,-80.825,28.17,1.06
2023-10-16 00:00:00+00:00,31.374998,-80.825,24.07,-0.07
2023-10-16 00:00:00+00:00,31.425001,-80.825,23.99,-0.09
2023-10-16 00:00:00+00:00,31.374998,-80.875,23.95,-0.12
2023-10-16 00:00:00+00:00,31.425001,-80.924995,23.72,-0.23
2023-10-16 00:00:00+00:00,31.425001,-80.875,23.86,-0.15
2023-10-16 00:00:00+00:00,31.374998,-80.924995,23.81,-0.2
2023-11-16 00:00:00+00:00,31.425001,-80.924995,20.08,-0.89
2023-11-16 00:00:00+00:00,31.425001,-80.875,20.31,-0.72
2023-11-16 00:00:00+00:00,31.425001,-80.825,20.56,-0.54
2023-11-16 00:00:00+00:00,31.374998,-80.924995,20.22,-0.82
2023-11-16 00:00:00+00:00,31.374998,-80.875,20.46,-0.64
2023-11-16 00:00:00+00:00,31.374998,-80.825,20.7,-0.48
2023-12-16 00:00:00+00:00,31.374998,-80.924995,16.51,-2.52
2023-12-16 00:00:00+00:00,31.374998,-80.825,17.26,-1.85
2023-12-16 00:00:00+00:00,31.374998,-80.875,16.89,-2.18
2023-12-16 00:00:00+00:00,31.425001,-80.825,17.04,-2.01
2023-12-16 00:00:00+00:00,31.425001,-80.924995,16.31,-2.65
2023-12-16 00:00:00+00:00,31.425001,-80.875,16.67,-2.32
2024-01-16 00:00:00+00:00,31.425001,-80.924995,13.22,-5.2
2024-01-16 00:00:00+00:00,31.425001,-80.875,13.51,-4.86
2024-01-16 00:00:00+00:00,31.425001,-80.825,13.84,-4.53
2024-01-16 00:00:00+00:00,31.374998,-80.924995,13.31,-5.15
2024-01-16 00:00:00+00:00,31.374998,-80.875,13.6,-4.82
2024-01-16 00:00:00+00:00,31.374998,-80.825,13.92,-4.5
2024-02-16 00:00:00+00:00,31.374998,-80.825,13.87,-3.86
2024-02-16 00:00:00+00:00,31.374998,-80.875,13.6,-4.08
2024-02-16 00:00:00+00:00,31.374998,-80.924995,13.39,-4.26
2024-02-16 00:00:00+00:00,31.425001,-80.825,13.76,-3.87
2024-02-16 00:00:00+00:00,31.425001,-80.924995,13.32,-4.23
2024-02-16 00:00:00+00:00,31.425001,-80.875,13.51,-4.07
2024-03-16 00:00:00+00:00,31.425001,-80.924995,16.35,-0.7
2024-03-16 00:00:00+00:00,31.425001,-80.875,16.37,-0.75
2024-03-16 00:00:00+00:00,31.425001,-80.825,16.42,-0.77
2024-03-16 00:00:00+00:00,31.374998,-80.924995,16.33,-0.79
2024-03-16 00:00:00+00:00,31.374998,-80.875,16.35,-0.82
2024-03-16 00:00:00+00:00,31.374998,-80.825,16.41,-0.84
2024-04-16 00:00:00+00:00,31.374998,-80.825,19.9,0.78
2024-04-16 00:00:00+00:00,31.374998,-80.924995,19.86,0.77
2024-04-16 00:00:00+00:00,31.374998,-80.875,19.88,0.78
2024-04-16 00:00:00+00:00,31.425001,-80.875,19.84,0.78
2024-04-16 00:00:00+00:00,31.425001,-80.924995,19.82,0.77
2024-04-16 00:00:00+00:00,31.425001,-80.825,19.86,0.8
2024-05-16 00:00:00+00:00,31.425001,-80.924995,24.71,1.94
2024-05-16 00:00:00+00:00,31.425001,-80.875,24.59,1.85
2024-05-16 00:00:00+00:00,31.425001,-80.825,24.47,1.77
2024-05-16 00:00:00+00:00,31.374998,-80.924995,24.65,1.87
2024-05-16 00:00:00+00:00,31.374998,-80.875,24.53,1.8
2024-05-16 00:00:00+00:00,31.374998,-80.825,24.42,1.71
2024-06-16 00:00:00+00:00,31.374998,-80.825,27.38,1.45
2024-06-16 00:00:00+00:00,31.374998,-80.875,27.48,1.51
2024-06-16 00:00:00+00:00,31.374998,-80.924995,27.59,1.56
2024-06-16 00:00:00+00:00,31.425001,-80.825,27.4,1.47
2024-06-16 00:00:00+00:00,31.425001,-80.924995,27.61,1.59
2024-06-16 00:00:00+00:00,31.425001,-80.875,27.51,1.53
2024-07-16 00:00:00+00:00,31.425001,-80.924995,29.44,1.58
2024-07-16 00:00:00+00:00,31.425001,-80.875,29.35,1.53
2024-07-16 00:00:00+00:00,31.425001,-80.825,29.26,1.49
2024-07-16 00:00:00+00:00,31.374998,-80.924995,29.36,1.54
2024-07-16 00:00:00+00:00,31.374998,-80.875,29.27,1.49
2024-07-16 00:00:00+00:00,31.374998,-80.825,29.19,1.45
2024-08-16 00:00:00+00:00,31.374998,-80.825,28.55,0.45
2024-08-16 00:00:00+00:00,31.374998,-80.924995,28.65,0.46
2024-08-16 00:00:00+00:00,31.374998,-80.875,28.6,0.46
2024-08-16 00:00:00+00:00,31.425001,-80.875,28.65,0.48
2024-08-16 00:00:00+00:00,31.425001,-80.924995,28.69,0.49
2024-08-16 00:00:00+00:00,31.425001,-80.825,28.59,0.47
2024-09-16 00:00:00+00:00,31.425001,-80.924995,27.16,0.1
2024-09-16 00:00:00+00:00,31.425001,-80.875,27.15,0.07
2024-09-16 00:00:00+00:00,31.425001,-80.825,27.13,0.04
2024-09-16 00:00:00+00:00,31.374998,-80.924995,27.18,0.09
2024-09-16 00:00:00+00:00,31.374998,-80.875,27.17,0.06
2024-09-16 00:00:00+00:00,31.374998,-80.825,27.16,0.04
2024-10-16 00:00:00+00:00,31.374998,-80.825,24.48,0.34
2024-10-16 00:00:00+00:00,31.374998,-80.924995,24.27,0.26
2024-10-16 00:00:00+00:00,31.374998,-80.875,24.38,0.3
2024-10-16 00:00:00+00:00,31.425001,-80.875,24.31,0.29
2024-10-16 00:00:00+00:00,31.425001,-80.924995,24.2,0.26
2024-10-16 00:00:00+00:00,31.425001,-80.825,24.4,0.32
2024-11-16 00:00:00+00:00,31.425001,-80.924995,21.73,0.76
2024-11-16 00:00:00+00:00,31.425001,-80.875,21.81,0.78
2024-11-16 00:00:00+00:00,31.425001,-80.825,21.9,0.8
2024-11-16 00:00:00+00:00,31.374998,-80.924995,21.81,0.76
2024-11-16 00:00:00+00:00,31.374998,-80.875,21.9,0.8
2024-11-16 00:00:00+00:00,31.374998,-80.825,21.99,0.81
2024-12-16 00:00:00+00:00,31.374998,-80.875,16.68,-2.39
2024-12-16 00:00:00+00:00,31.425001,-80.924995,16.26,-2.7
2024-12-16 00:00:00+00:00,31.425001,-80.875,16.52,-2.48
2024-12-16 00:00:00+00:00,31.425001,-80.825,16.76,-2.29
2024-12-16 00:00:00+00:00,31.374998,-80.924995,16.42,-2.6
2024-12-16 00:00:00+00:00,31.374998,-80.825,16.92,-2.19
